YearStudy,TermID,MonthApply,StudyprogramID,CourseID,GraduateLevelID,StudyTypeID,OlogyID,Dotxet,TongsoSVnhaphoc,TongsoSVxet,SLtotnghiep,Xuatsac,Gioi,Kha,TrungbinhKha,Trungbinh
2015-2016,HK01,0,11904,DHGV2011,DH,GV,904,Kéo dài,,36,0,0,0,0,0,0
2015-2016,HK01,0,11904CTU,DHGV2011,DH,GV,904,Kéo dài,,16,0,0,0,0,0,0
2015-2016,HK01,0,11910,DHGV2011,DH,GV,910,Kéo dài,,28,0,0,0,0,0,0
2015-2016,HK01,0,11911,DHGV2011,DH,GV,911,Kéo dài,,29,0,0,0,0,0,0
2015-2016,HK01,0,11942,DHGV2011,DH,GV,942,Kéo dài,,44,0,0,0,0,0,0
2015-2016,HK01,0,11943,DHGV2011,DH,GV,943,Kéo dài,,37,0,0,0,0,0,0
2015-2016,HK01,0,11945,DHGV2011,DH,GV,945,Kéo dài,,29,0,0,0,0,0,0
2015-2016,HK01,0,11947,DHGV2011,DH,GV,947,Kéo dài,,24,0,0,0,0,0,0
2015-2016,HK01,0,11949,DHGV2011,DH,GV,949,Kéo dài,,33,0,0,0,0,0,0
2015-2016,HK01,0,K11941DT,DHGV2011,DH,GV,941,Kéo dài,,15,0,0,0,0,0,0
2015-2016,HK01,0,K11941VT,DHGV2011,DH,GV,941,Kéo dài,,24,0,0,0,0,0,0
2015-2016,HK01,0,KDT13B,CHCQ2013,CH,CQ,60520203,Kéo dài,,1,1,0,0,0,0,0
2015-2016,HK01,3,10401,DHVLVH2010,DH,VLVH,401,Kéo dài,,6,0,0,0,0,0,0
2015-2016,HK01,3,10401(1),DHVLVH2010,DH,VLVH,401,Kéo dài,,2,0,0,0,0,0,0
2015-2016,HK01,3,10402,DHVLVH2010,DH,VLVH,402,Kéo dài,,18,8,0,0,1,5,2
2015-2016,HK01,3,10402(1),DHVLVH2010,DH,VLVH,402,Kéo dài,,1,0,0,0,0,0,0
2015-2016,HK01,3,10403,DHVLVH2010,DH,VLVH,403,Kéo dài,,21,4,0,0,0,4,0
2015-2016,HK01,3,10414,DHVLVH2010,DH,VLVH,414,Kéo dài,,17,10,0,0,0,9,1
2015-2016,HK01,3,10417,DHVLVH2010,DH,VLVH,417,Kéo dài,,1,0,0,0,0,0,0
2015-2016,HK01,3,10502,DHVLVHTC2010,DH,VLVHTC,502,Kéo dài,,23,3,0,0,0,3,0
2015-2016,HK01,3,10503,DHVLVHTC2010,DH,VLVHTC,503,Kéo dài,,18,3,0,0,0,0,3
2015-2016,HK01,3,11443,DHVLVH2011,DH,VLVH,443,Kéo dài,,47,26,0,0,0,26,0
2015-2016,HK01,3,11542,DHVLVHTC2011,DH,VLVHTC,542,Kéo dài,,31,16,0,0,0,13,3
2015-2016,HK01,3,11549,DHVLVHTC2011,DH,VLVHTC,549,Kéo dài,,36,9,0,0,0,7,2
2015-2016,HK01,3,12425(2),DHVLVH2012,DH,VLVH,425,Kéo dài,,24,21,0,1,18,2,0
2015-2016,HK01,3,12525(1),DHVLVHTC2012,DH,VLVHTC,525,Kéo dài,,2,0,0,0,0,0,0
2015-2016,HK01,3,12525(2),DHVLVHTC2012,DH,VLVHTC,525,Kéo dài,,21,12,0,0,2,9,1
2015-2016,HK01,3,12542(1),DHVLVHTC2012,DH,VLVHTC,542,Kéo dài,,3,3,0,0,0,3,0
2015-2016,HK01,3,12542(2),DHVLVHTC2012,DH,VLVHTC,542,Kéo dài,,258,197,0,0,45,152,0
2015-2016,HK01,3,12545(2),DHVLVHTC2012,DH,VLVHTC,545,Kéo dài,,1,1,0,0,0,1,0
2015-2016,HK01,3,12549(1),DHVLVHTC2012,DH,VLVHTC,549,Kéo dài,,92,55,0,0,9,46,0
2015-2016,HK01,3,12549(2),DHVLVHTC2012,DH,VLVHTC,549,Kéo dài,,87,3,0,0,0,3,0
2015-2016,HK01,3,12842(2),DHVLVHCDN2012,DH,VLVHCDN,842,Kéo dài,,6,3,0,0,0,1,2
2015-2016,HK01,3,12843(2),DHVLVHCDN2012,DH,VLVHCDN,843,Kéo dài,,22,8,0,0,0,8,0
2015-2016,HK01,3,12845(2),DHVLVHCDN2012,DH,VLVHCDN,845,Kéo dài,,20,6,0,0,0,3,3
2015-2016,HK01,3,13604,DHVLVHCD2013,DH,VLVHCD,604,Kéo dài,,2,1,0,0,0,1,0
2015-2016,HK01,3,13610,DHVLVHCD2013,DH,VLVHCD,610,Kéo dài,,1,0,0,0,0,0,0
2015-2016,HK01,3,13642,DHVLVHCD2013,DH,VLVHCD,642,Kéo dài,,2,0,0,0,0,0,0
2015-2016,HK01,3,13645,DHVLVHCD2013,DH,VLVHCD,645,Kéo dài,,3,0,0,0,0,0,0
2015-2016,HK01,3,13652,DHVLVHCD2013,DH,VLVHCD,652,Kéo dài,,1,0,0,0,0,0,0
2015-2016,HK01,3,13825,DHVLVHCDN2013,DH,VLVHCDN,825,Kéo dài,,2,0,0,0,0,0,0
2015-2016,HK01,3,14642(2),DHVLVHCD2014,DH,VLVHCD,642,Kéo dài,,50,39,0,1,2,36,0
2015-2016,HK01,3,14643(2),DHVLVHCD2014,DH,VLVHCD,643,Kéo dài,,11,0,0,0,0,0,0
2015-2016,HK01,3,14645(2),DHVLVHCD2014,DH,VLVHCD,645,Kéo dài,,15,7,0,0,2,5,0
2015-2016,HK01,3,K14825,DHVLVHCDN2014,DH,VLVHCDN,825,Kéo dài,,45,44,0,8,35,1,0
2015-2016,HK01,9,2102,DHCQCN2005,DH,CQCN,102,Kéo dài,,1,1,0,0,0,0,1
2015-2016,HK01,9,3101,DHCQCN2005,DH,CQCN,101,Kéo dài,,1,0,0,0,0,0,0
2015-2016,HK01,9,3102,DHCQCN2005,DH,CQCN,102,Kéo dài,,1,0,0,0,0,0,0
2015-2016,HK01,9,3113,DHCQCN2005,DH,CQCN,113,Kéo dài,,1,1,0,0,0,0,1
2015-2016,HK01,9,5101,DHCQCN2005,DH,CQCN,101,Kéo dài,,1,0,0,0,0,0,0
2015-2016,HK01,9,05104CTU,DHCQCN2005,DH,CQCN,104,Kéo dài,,1,0,0,0,0,0,0
2015-2016,HK01,9,5110,DHCQCN2005,DH,CQCN,110,Kéo dài,,1,0,0,0,0,0,0
2015-2016,HK01,9,5121,DHCQCN2005,DH,CQCN,121,Kéo dài,,1,0,0,0,0,0,0
2015-2016,HK01,9,6101,DHCQCN2005,DH,CQCN,101,Kéo dài,,3,0,0,0,0,0,0
2015-2016,HK01,9,06101LD,DHCQDP2006,DH,CQDP,101,Kéo dài,,1,1,0,0,0,0,1
2015-2016,HK01,9,6102,DHCQCN2005,DH,CQCN,102,Kéo dài,,2,0,0,0,0,0,0
2015-2016,HK01,9,06102BD,DHCQDP2006,DH,CQDP,102,Kéo dài,,1,0,0,0,0,0,0
2015-2016,HK01,9,06102CLC,DHCQCN2005,DH,CQCN,102,Kéo dài,,1,0,0,0,0,0,0
2015-2016,HK01,9,06102CTU,DHCQCN2005,DH,CQCN,102,Kéo dài,,2,0,0,0,0,0,0
2015-2016,HK01,9,06102VT,DHCQDP2006,DH,CQDP,102,Kéo dài,,3,0,0,0,0,0,0
2015-2016,HK01,9,6104,DHCQCN2005,DH,CQCN,104,Kéo dài,,2,0,0,0,0,0,0
2015-2016,HK01,9,6105,DHCQCN2005,DH,CQCN,105,Kéo dài,,4,0,0,0,0,0,0
2015-2016,HK01,9,6106,DHCQCN2005,DH,CQCN,106,Kéo dài,,1,0,0,0,0,0,0
2015-2016,HK01,9,6110,DHCQCN2005,DH,CQCN,110,Kéo dài,,1,0,0,0,0,0,0
2015-2016,HK01,9,6111,DHCQCN2005,DH,CQCN,111,Kéo dài,,2,0,0,0,0,0,0
2015-2016,HK01,9,6112,DHCQCN2005,DH,CQCN,112,Kéo dài,,3,0,0,0,0,0,0
2015-2016,HK01,9,6114,DHCQCN2005,DH,CQCN,114,Kéo dài,,1,0,0,0,0,0,0
2015-2016,HK01,9,6117,DHCQCN2005,DH,CQCN,117,Kéo dài,,2,0,0,0,0,0,0
2015-2016,HK01,9,7101,DHCQCN2007,DH,CQCN,101,Kéo dài,,5,1,0,0,0,0,1
2015-2016,HK01,9,07101LD,DHCQDP2007,DH,CQDP,101,Kéo dài,,8,2,0,0,0,0,2
2015-2016,HK01,9,7102,DHCQCN2007,DH,CQCN,102,Kéo dài,,11,3,0,0,0,0,3
2015-2016,HK01,9,07102CLC,DHCQCN2007,DH,CQCN,102,Kéo dài,,2,2,0,0,0,0,2
2015-2016,HK01,9,07102LD,DHCQDP2007,DH,CQDP,102,Kéo dài,,2,1,0,0,0,0,1
2015-2016,HK01,9,7103,DHCQCN2007,DH,CQCN,103,Kéo dài,,6,0,0,0,0,0,0
2015-2016,HK01,9,7104,DHCQCN2007,DH,CQCN,104,Kéo dài,,4,2,0,0,0,0,2
2015-2016,HK01,9,07104CTU,DHCQCN2007,DH,CQCN,104,Kéo dài,,5,1,0,0,0,0,1
2015-2016,HK01,9,7105,DHCQCN2007,DH,CQCN,105,Kéo dài,,2,1,0,0,0,0,1
2015-2016,HK01,9,7106,DHCQCN2007,DH,CQCN,106,Kéo dài,,6,3,0,0,0,0,3
2015-2016,HK01,9,7107,DHCQCN2007,DH,CQCN,107,Kéo dài,,2,1,0,0,0,0,1
2015-2016,HK01,9,7108,DHCQCN2007,DH,CQCN,108,Kéo dài,,3,0,0,0,0,0,0
2015-2016,HK01,9,7110,DHCQCN2007,DH,CQCN,110,Kéo dài,,3,0,0,0,0,0,0
2015-2016,HK01,9,07110CLC,DHCQCN2007,DH,CQCN,110,Kéo dài,,1,1,0,0,0,0,1
2015-2016,HK01,9,7111,DHCQCN2007,DH,CQCN,111,Kéo dài,,4,1,0,0,1,0,0
2015-2016,HK01,9,7112,DHCQCN2007,DH,CQCN,112,Kéo dài,,1,0,0,0,0,0,0
2015-2016,HK01,9,7113,DHCQCN2007,DH,CQCN,113,Kéo dài,,9,0,0,0,0,0,0
2015-2016,HK01,9,7114,DHCQCN2007,DH,CQCN,114,Kéo dài,,5,0,0,0,0,0,0
2015-2016,HK01,9,7115,DHCQCN2007,DH,CQCN,115,Kéo dài,,2,2,0,0,0,0,2
2015-2016,HK01,9,7117,DHCQCN2007,DH,CQCN,117,Kéo dài,,3,1,0,0,0,0,1
2015-2016,HK01,9,07117BD,DHCQDP2007,DH,CQDP,117,Kéo dài,,4,0,0,0,0,0,0
2015-2016,HK01,9,7119,DHCQCN2007,DH,CQCN,119,Kéo dài,,7,3,0,0,0,0,3
2015-2016,HK01,9,7124,DHCQCN2007,DH,CQCN,124,Kéo dài,,2,1,0,0,0,0,1
2015-2016,HK01,9,7202,DHCQKCN2007,DH,CQKCN,202,Kéo dài,,3,1,0,0,0,0,1
2015-2016,HK01,9,7702,CDCQCN2007,CD,CQCN,702,Kéo dài,,1,0,0,0,0,0,0
2015-2016,HK01,9,8101,DHCQCN2008,DH,CQCN,101,Kéo dài,,4,0,0,0,0,0,0
2015-2016,HK01,9,08101CLC,DHCQCN2008,DH,CQCN,101,Kéo dài,,1,0,0,0,0,0,0
2015-2016,HK01,9,8102,DHCQCN2008,DH,CQCN,102,Kéo dài,,17,6,0,0,1,0,5
2015-2016,HK01,9,08102CLC,DHCQCN2008,DH,CQCN,102,Kéo dài,,1,1,0,0,0,0,1
2015-2016,HK01,9,08102CTU,DHCQCN2008,DH,CQCN,102,Kéo dài,,2,1,0,0,0,0,1
2015-2016,HK01,9,8103,DHCQCN2008,DH,CQCN,103,Kéo dài,,10,2,0,0,0,0,2
2015-2016,HK01,9,8104,DHCQCN2008,DH,CQCN,104,Kéo dài,,8,3,0,0,1,0,2
2015-2016,HK01,9,8105,DHCQCN2008,DH,CQCN,105,Kéo dài,,6,0,0,0,0,0,0
2015-2016,HK01,9,8106,DHCQCN2008,DH,CQCN,106,Kéo dài,,2,1,0,0,1,0,0
2015-2016,HK01,9,8107,DHCQCN2008,DH,CQCN,107,Kéo dài,,1,0,0,0,0,0,0
2015-2016,HK01,9,8108,DHCQCN2008,DH,CQCN,108,Kéo dài,,2,0,0,0,0,0,0
2015-2016,HK01,9,8109,DHCQCN2008,DH,CQCN,109,Kéo dài,,1,0,0,0,0,0,0
2015-2016,HK01,9,8110,DHCQCN2008,DH,CQCN,110,Kéo dài,,10,4,0,0,0,0,4
2015-2016,HK01,9,08110CLC,DHCQCN2008,DH,CQCN,110,Kéo dài,,2,0,0,0,0,0,0
2015-2016,HK01,9,8111,DHCQCN2008,DH,CQCN,111,Kéo dài,,3,1,0,0,0,0,1
2015-2016,HK01,9,8112,DHCQCN2008,DH,CQCN,112,Kéo dài,,2,1,0,0,0,0,1
2015-2016,HK01,9,08112CLC,DHCQCN2008,DH,CQCN,112,Kéo dài,,1,0,0,0,0,0,0
2015-2016,HK01,9,8113,DHCQCN2008,DH,CQCN,113,Kéo dài,,1,0,0,0,0,0,0
2015-2016,HK01,9,8114,DHCQCN2008,DH,CQCN,114,Kéo dài,,7,0,0,0,0,0,0
2015-2016,HK01,9,8115,DHCQCN2008,DH,CQCN,115,Kéo dài,,1,0,0,0,0,0,0
2015-2016,HK01,9,8116,DHCQCN2008,DH,CQCN,116,Kéo dài,,2,0,0,0,0,0,0
2015-2016,HK01,9,8117,DHCQCN2008,DH,CQCN,117,Kéo dài,,12,2,0,0,1,0,1
2015-2016,HK01,9,8118,DHCQCN2008,DH,CQCN,118,Kéo dài,,10,2,0,0,1,0,1
2015-2016,HK01,9,8119,DHCQCN2008,DH,CQCN,119,Kéo dài,,2,1,0,0,0,0,1
2015-2016,HK01,9,8120,DHCQCN2008,DH,CQCN,120,Kéo dài,,2,0,0,0,0,0,0
2015-2016,HK01,9,8121,DHCQCN2008,DH,CQCN,121,Kéo dài,,1,1,0,0,1,0,0
2015-2016,HK01,9,8123,DHCQCN2008,DH,CQCN,123,Kéo dài,,2,0,0,0,0,0,0
2015-2016,HK01,9,8124,DHCQCN2008,DH,CQCN,124,Kéo dài,,3,2,0,0,2,0,0
2015-2016,HK01,9,8125,DHCQCN2008,DH,CQCN,125,Kéo dài,,1,0,0,0,0,0,0
2015-2016,HK01,9,8201,DHCQKCN2008,DH,CQKCN,201,Kéo dài,,4,1,0,0,1,0,0
2015-2016,HK01,9,8202,DHCQKCN2008,DH,CQKCN,202,Kéo dài,,1,0,0,0,0,0,0
2015-2016,HK01,9,8213,DHCQKCN2008,DH,CQKCN,213,Kéo dài,,3,1,0,0,0,0,1
2015-2016,HK01,9,08902LD,DHGV2008,DH,GV,902,Kéo dài,,10,1,0,0,0,0,1
2015-2016,HK01,9,8905,DHGV2008,DH,GV,905,Kéo dài,,2,0,0,0,0,0,0
2015-2016,HK01,9,8910,DHGV2008,DH,GV,910,Kéo dài,,2,0,0,0,0,0,0
2015-2016,HK01,9,8912,DHGV2008,DH,GV,912,Kéo dài,,4,2,0,0,1,0,1
2015-2016,HK01,9,08917LD,DHGV2008,DH,GV,917,Kéo dài,,8,2,0,0,0,0,2
2015-2016,HK01,9,9101,DHCQCN2009,DH,CQCN,101,Kéo dài,,22,3,0,0,1,0,2
2015-2016,HK01,9,09101CLC,DHCQCN2009,DH,CQCN,101,Kéo dài,,1,0,0,0,0,0,0
2015-2016,HK01,9,9102,DHCQCN2009,DH,CQCN,102,Kéo dài,,16,5,0,0,2,0,3
2015-2016,HK01,9,09102CLC,DHCQCN2009,DH,CQCN,102,Kéo dài,,4,1,0,0,1,0,0
2015-2016,HK01,9,9103,DHCQCN2009,DH,CQCN,103,Kéo dài,,18,7,0,0,2,0,5
2015-2016,HK01,9,09103CLC,DHCQCN2009,DH,CQCN,103,Kéo dài,,1,1,0,0,1,0,0
2015-2016,HK01,9,9104,DHCQCN2009,DH,CQCN,104,Kéo dài,,20,5,0,0,2,0,3
2015-2016,HK01,9,9105,DHCQCN2009,DH,CQCN,105,Kéo dài,,17,3,0,0,2,0,1
2015-2016,HK01,9,09105CLC,DHCQCN2009,DH,CQCN,105,Kéo dài,,1,0,0,0,0,0,0
2015-2016,HK01,9,9106,DHCQCN2009,DH,CQCN,106,Kéo dài,,6,1,0,0,1,0,0
2015-2016,HK01,9,9107,DHCQCN2009,DH,CQCN,107,Kéo dài,,7,1,0,0,1,0,0
2015-2016,HK01,9,9108,DHCQCN2009,DH,CQCN,108,Kéo dài,,3,0,0,0,0,0,0
2015-2016,HK01,9,09108CLC,DHCQCN2009,DH,CQCN,108,Kéo dài,,2,0,0,0,0,0,0
2015-2016,HK01,9,9109,DHCQCN2009,DH,CQCN,109,Kéo dài,,3,0,0,0,0,0,0
2015-2016,HK01,9,9110,DHCQCN2009,DH,CQCN,110,Kéo dài,,13,1,0,0,1,0,0
2015-2016,HK01,9,09110CLC,DHCQCN2009,DH,CQCN,110,Kéo dài,,2,0,0,0,0,0,0
2015-2016,HK01,9,9111,DHCQCN2009,DH,CQCN,111,Kéo dài,,11,1,0,0,0,0,1
2015-2016,HK01,9,09111CLC,DHCQCN2009,DH,CQCN,111,Kéo dài,,3,2,0,0,2,0,0
2015-2016,HK01,9,9112,DHCQCN2009,DH,CQCN,112,Kéo dài,,12,4,0,0,1,0,3
2015-2016,HK01,9,09112CLC,DHCQCN2009,DH,CQCN,112,Kéo dài,,10,2,0,0,2,0,0
2015-2016,HK01,9,9113,DHCQCN2009,DH,CQCN,113,Kéo dài,,10,3,0,0,2,0,1
2015-2016,HK01,9,9114,DHCQCN2009,DH,CQCN,114,Kéo dài,,18,2,0,0,1,0,1
2015-2016,HK01,9,09114CLC,DHCQCN2009,DH,CQCN,114,Kéo dài,,7,0,0,0,0,0,0
2015-2016,HK01,9,9115,DHCQCN2009,DH,CQCN,115,Kéo dài,,2,0,0,0,0,0,0
2015-2016,HK01,9,9116,DHCQCN2009,DH,CQCN,116,Kéo dài,,3,2,0,0,1,0,1
2015-2016,HK01,9,9117,DHCQCN2009,DH,CQCN,117,Kéo dài,,7,3,0,0,0,0,3
2015-2016,HK01,9,9118,DHCQCN2009,DH,CQCN,118,Kéo dài,,8,3,0,0,1,0,2
2015-2016,HK01,9,09118CLC,DHCQCN2009,DH,CQCN,118,Kéo dài,,9,3,0,0,0,0,3
2015-2016,HK01,9,9119,DHCQCN2009,DH,CQCN,119,Kéo dài,,14,4,0,0,2,0,2
2015-2016,HK01,9,09119CLC,DHCQCN2009,DH,CQCN,119,Kéo dài,,3,0,0,0,0,0,0
2015-2016,HK01,9,9120,DHCQCN2009,DH,CQCN,120,Kéo dài,,4,2,0,0,0,0,2
2015-2016,HK01,9,9123,DHCQCN2009,DH,CQCN,123,Kéo dài,,6,0,0,0,0,0,0
2015-2016,HK01,9,9124,DHCQCN2009,DH,CQCN,124,Kéo dài,,10,3,0,0,1,0,2
2015-2016,HK01,9,9125,DHCQCN2009,DH,CQCN,125,Kéo dài,,2,2,0,0,0,0,2
2015-2016,HK01,9,9201,DHCQKCN2009,DH,CQKCN,201,Kéo dài,,13,3,0,0,0,0,3
2015-2016,HK01,9,9202,DHCQKCN2009,DH,CQKCN,202,Kéo dài,,9,5,0,0,0,0,5
2015-2016,HK01,9,9203,DHCQKCN2009,DH,CQKCN,203,Kéo dài,,9,3,0,0,0,0,3
2015-2016,HK01,9,9205,DHCQKCN2009,DH,CQKCN,205,Kéo dài,,3,1,0,0,0,0,1
2015-2016,HK01,9,9213,DHCQKCN2009,DH,CQKCN,213,Kéo dài,,1,1,0,0,0,0,1
2015-2016,HK01,9,9701,CDCQCN2007,CD,CQCN,701,Kéo dài,,6,1,0,0,0,0,1
2015-2016,HK01,9,9702,CDCQCN2007,CD,CQCN,702,Kéo dài,,4,0,0,0,0,0,0
2015-2016,HK01,9,9703,CDCQCN2007,CD,CQCN,703,Kéo dài,,8,1,0,0,0,0,1
2015-2016,HK01,9,9705,CDCQCN2007,CD,CQCN,705,Kéo dài,,3,2,0,0,0,0,2
2015-2016,HK01,9,9709,CDCQCN2007,CD,CQCN,709,Kéo dài,,2,0,0,0,0,0,0
2015-2016,HK01,9,9901,DHGV2009,DH,GV,901,Kéo dài,,8,1,0,0,1,0,0
2015-2016,HK01,9,9902,DHGV2009,DH,GV,902,Kéo dài,,6,4,0,0,3,0,1
2015-2016,HK01,9,09902CTU,DHGV2009,DH,GV,902,Kéo dài,,16,6,0,0,3,0,3
2015-2016,HK01,9,9903,DHGV2009,DH,GV,903,Kéo dài,,10,5,0,0,4,0,1
2015-2016,HK01,9,9904,DHGV2009,DH,GV,904,Kéo dài,,5,1,0,0,1,0,0
2015-2016,HK01,9,9905,DHGV2009,DH,GV,905,Kéo dài,,6,4,0,0,4,0,0
2015-2016,HK01,9,9910,DHGV2009,DH,GV,910,Kéo dài,,4,0,0,0,0,0,0
2015-2016,HK01,9,9911,DHGV2009,DH,GV,911,Kéo dài,,10,2,0,0,2,0,0
2015-2016,HK01,9,9913,DHGV2009,DH,GV,913,Kéo dài,,5,2,0,0,2,0,0
2015-2016,HK01,9,09914LD,DHGV2009,DH,GV,914,Kéo dài,,8,3,0,0,2,0,1
2015-2016,HK01,9,09917LD,DHGV2009,DH,GV,917,Kéo dài,,9,3,0,0,1,0,2
2015-2016,HK01,9,10101,DHCQCN2010,DH,CQCN,101,Kéo dài,,36,11,0,0,7,0,4
2015-2016,HK01,9,10101CLC,DHCQCN2010,DH,CQCN,101,Kéo dài,,6,3,0,0,3,0,0
2015-2016,HK01,9,10102,DHCQCN2010,DH,CQCN,102,Kéo dài,,31,13,0,0,7,0,6
2015-2016,HK01,9,10102CLC,DHCQCN2010,DH,CQCN,102,Kéo dài,,11,3,0,0,2,0,1
2015-2016,HK01,9,10103,DHCQCN2010,DH,CQCN,103,Kéo dài,,36,8,0,0,7,0,1
2015-2016,HK01,9,10103CLC,DHCQCN2010,DH,CQCN,103,Kéo dài,,16,6,0,0,5,0,1
2015-2016,HK01,9,10104,DHCQCN2010,DH,CQCN,104,Kéo dài,,19,9,0,0,6,0,3
2015-2016,HK01,9,10105,DHCQCN2010,DH,CQCN,105,Kéo dài,,42,13,0,0,12,0,1
2015-2016,HK01,9,10105CLC,DHCQCN2010,DH,CQCN,105,Kéo dài,,13,4,0,0,4,0,0
2015-2016,HK01,9,10106,DHCQCN2010,DH,CQCN,106,Kéo dài,,5,3,0,0,2,0,1
2015-2016,HK01,9,10107,DHCQCN2010,DH,CQCN,107,Kéo dài,,5,2,0,0,2,0,0
2015-2016,HK01,9,10108,DHCQCN2010,DH,CQCN,108,Kéo dài,,2,1,0,0,1,0,0
2015-2016,HK01,9,10108CLC,DHCQCN2010,DH,CQCN,108,Kéo dài,,1,0,0,0,0,0,0
2015-2016,HK01,9,10109,DHCQCN2010,DH,CQCN,109,Kéo dài,,8,6,0,0,6,0,0
2014-2015,HK03,10,10401,DHVLVH2010,DH,VLVH,401,Kéo dài,,9,3,0,0,0,3,0
2014-2015,HK03,10,10402,DHVLVH2010,DH,VLVH,402,Kéo dài,,29,11,0,0,0,11,0
2014-2015,HK03,10,10403,DHVLVH2010,DH,VLVH,403,Kéo dài,,22,1,0,0,0,1,0
2014-2015,HK03,10,10414,DHVLVH2010,DH,VLVH,414,Kéo dài,,26,6,0,0,0,4,2
2014-2015,HK03,10,10417,DHVLVH2010,DH,VLVH,417,Kéo dài,,4,3,0,0,0,3,0
2014-2015,HK03,10,10502,DHVLVHTC2010,DH,VLVHTC,502,Kéo dài,,25,2,0,0,0,2,0
2014-2015,HK03,10,10503,DHVLVHTC2010,DH,VLVHTC,503,Kéo dài,,29,11,0,0,0,8,3
2014-2015,HK03,7,10701,CDCQCN2010,CD,CQCN,701,Kéo dài,,15,1,0,0,1,0,0
2014-2015,HK03,7,10702,CDCQCN2010,CD,CQCN,702,Kéo dài,,10,1,0,0,0,0,1
2014-2015,HK03,7,10703,CDCQCN2010,CD,CQCN,703,Kéo dài,,26,2,0,0,0,0,2
2014-2015,HK03,7,10705,CDCQCN2010,CD,CQCN,705,Kéo dài,,21,1,0,0,1,0,0
2014-2015,HK03,7,10709,CDCQCN2010,CD,CQCN,709,Kéo dài,,4,0,0,0,0,0,0
2014-2015,HK03,10,11542,DHVLVHTC2011,DH,VLVHTC,542,Kéo dài,,37,6,0,0,0,6,0
2014-2015,HK03,10,11549,DHVLVHTC2011,DH,VLVHTC,549,Kéo dài,,45,9,0,0,0,9,0
2014-2015,HK03,7,11709,CDCQCN2011,CD,CQCN,709,Kéo dài,,14,0,0,0,0,0,0
2014-2015,HK03,7,11741,CDCQCN2011,CD,CQCN,741,Kéo dài,,22,3,0,0,2,0,1
2014-2015,HK03,7,11742,CDCQCN2011,CD,CQCN,742,Kéo dài,,24,6,0,0,4,0,2
2014-2015,HK03,7,11743,CDCQCN2011,CD,CQCN,743,Kéo dài,,15,1,0,0,0,0,1
2014-2015,HK03,7,11745,CDCQCN2011,CD,CQCN,745,Kéo dài,,25,5,0,0,3,0,2
2014-2015,HK03,7,9701,CDCQCN2009,CD,CQCN,701,Kéo dài,,8,2,0,0,1,0,1
2014-2015,HK03,7,9702,CDCQCN2009,CD,CQCN,702,Kéo dài,,5,1,0,0,0,0,1
2014-2015,HK03,7,9703,CDCQCN2009,CD,CQCN,703,Kéo dài,,12,3,0,0,1,0,2
2014-2015,HK03,7,9705,CDCQCN2009,CD,CQCN,705,Kéo dài,,3,0,0,0,0,0,0
2014-2015,HK03,7,9709,CDCQCN2009,CD,CQCN,709,Kéo dài,,3,1,0,0,0,0,1
2014-2015,HK03,10,10401(1),DHVLVH2010,DH,VLVH,401,Kéo dài,,2,0,0,0,0,0,0
2014-2015,HK03,10,10402(1),DHVLVH2010,DH,VLVH,402,Kéo dài,,1,0,0,0,0,0,0
2014-2015,HK03,7,7702,CDCQCN2007,CD,CQCN,702,Kéo dài,,1,0,0,0,0,0,0
2014-2015,HK03,10,12525(1),DHVLVHTC2012,DH,VLVHTC,525,Kéo dài,,2,0,0,0,0,0,0
2014-2015,HK03,10,12542(1),DHVLVHTC2012,DH,VLVHTC,542,Kéo dài,,64,61,0,0,2,59,0
2014-2015,HK03,10,12549(1),DHVLVHTC2012,DH,VLVHTC,549,Kéo dài,,93,1,0,0,0,1,0
2014-2015,HK03,10,12525(2),DHVLVHTC2012,DH,VLVHTC,525,Kéo dài,,62,36,0,0,30,6,0
2014-2015,HK03,10,12545(2),DHVLVHTC2012,DH,VLVHTC,545,Kéo dài,,16,15,0,0,8,7,0
2014-2015,HK03,7,12709,CDCQCN2012,CD,CQCN,709,Kéo dài,,193,120,0,0,119,0,1
2014-2015,HK03,7,12741,CDCQCN2012,CD,CQCN,741,Kéo dài,,30,10,0,0,9,0,1
2014-2015,HK03,7,12742,CDCQCN2012,CD,CQCN,742,Kéo dài,,102,14,0,0,14,0,0
2014-2015,HK03,7,12743,CDCQCN2012,CD,CQCN,743,Kéo dài,,349,25,0,0,21,0,4
2014-2015,HK03,7,12745,CDCQCN2012,CD,CQCN,745,Kéo dài,,67,0,0,0,0,0,0
2014-2015,HK03,10,12842(2),DHVLVHCDN2012,DH,VLVHCDN,842,Kéo dài,,7,1,0,0,0,0,1
2014-2015,HK03,10,12843(2),DHVLVHCDN2012,DH,VLVHCDN,843,Kéo dài,,32,10,0,0,0,10,0
2014-2015,HK03,10,12845(2),DHVLVHCDN2012,DH,VLVHCDN,845,Kéo dài,,23,3,0,0,0,2,1
2014-2015,HK02,0,10502,DHVLVHTC2010,DH,VLVHTC,502,Kéo dài,,26,1,0,0,0,1,0
2014-2015,HK02,0,10503,DHVLVHTC2010,DH,VLVHTC,503,Kéo dài,,29,0,0,0,0,0,0
2014-2015,HK02,0,11542,DHVLVHTC2011,DH,VLVHTC,542,Kéo dài,,56,19,0,0,4,13,2
2014-2015,HK02,0,11549,DHVLVHTC2011,DH,VLVHTC,549,Kéo dài,,65,14,0,0,0,12,2
2014-2015,HK02,0,12525(1),DHVLVHTC2012,DH,VLVHTC,525,Kéo dài,,2,0,0,0,0,0,0
2014-2015,HK02,3,2102,DHCQCN2003,DH,CQCN,102,Kéo dài,,1,0,0,0,0,0,0
2014-2015,HK02,3,3101,DHCQCN2003,DH,CQCN,101,Kéo dài,,3,0,0,0,0,0,0
2014-2015,HK02,3,3102,DHCQCN2003,DH,CQCN,102,Kéo dài,,1,0,0,0,0,0,0
2014-2015,HK02,3,3113,DHCQCN2003,DH,CQCN,113,Kéo dài,,1,0,0,0,0,0,0
2014-2015,HK02,3,4104,DHCQCN2003,DH,CQCN,104,Kéo dài,,1,0,0,0,0,0,0
2014-2015,HK02,3,5101,DHCQCN2003,DH,CQCN,101,Kéo dài,,1,0,0,0,0,0,0
2014-2015,HK02,3,05104CTU,DHCQCN2003,DH,CQCN,104,Kéo dài,,3,1,0,0,0,0,1
2014-2015,HK02,3,5110,DHCQCN2003,DH,CQCN,110,Kéo dài,,1,0,0,0,0,0,0
2014-2015,HK02,3,5121,DHCQCN2003,DH,CQCN,121,Kéo dài,,1,0,0,0,0,0,0
2014-2015,HK02,3,6101,DHCQCN2006,DH,CQCN,101,Kéo dài,,3,0,0,0,0,0,0
2014-2015,HK02,3,06101LD,DHCQDP2006,DH,CQDP,101,Kéo dài,,1,0,0,0,0,0,0
2014-2015,HK02,3,6102,DHCQCN2006,DH,CQCN,102,Kéo dài,,3,0,0,0,0,0,0
2014-2015,HK02,3,06102BD,DHCQDP2006,DH,CQDP,102,Kéo dài,,1,0,0,0,0,0,0
2014-2015,HK02,3,06102CLC,DHCQCN2006,DH,CQCN,102,Kéo dài,,1,0,0,0,0,0,0
2014-2015,HK02,3,06102CTU,DHCQCN2006,DH,CQCN,102,Kéo dài,,2,0,0,0,0,0,0
2014-2015,HK02,3,06102VT,DHCQDP2006,DH,CQDP,102,Kéo dài,,3,0,0,0,0,0,0
2014-2015,HK02,3,6104,DHCQCN2006,DH,CQCN,104,Kéo dài,,2,0,0,0,0,0,0
2014-2015,HK02,3,06104LD,DHCQDP2006,DH,CQDP,104,Kéo dài,,1,1,0,0,0,0,1
2014-2015,HK02,3,6105,DHCQCN2006,DH,CQCN,105,Kéo dài,,4,0,0,0,0,0,0
2014-2015,HK02,3,6106,DHCQCN2006,DH,CQCN,106,Kéo dài,,1,0,0,0,0,0,0
2014-2015,HK02,3,6110,DHCQCN2006,DH,CQCN,110,Kéo dài,,1,0,0,0,0,0,0
2014-2015,HK02,3,6111,DHCQCN2006,DH,CQCN,111,Kéo dài,,2,0,0,0,0,0,0
2014-2015,HK02,3,6112,DHCQCN2006,DH,CQCN,112,Kéo dài,,3,0,0,0,0,0,0
2014-2015,HK02,3,6114,DHCQCN2006,DH,CQCN,114,Kéo dài,,1,0,0,0,0,0,0
2014-2015,HK02,3,6117,DHCQCN2006,DH,CQCN,117,Kéo dài,,2,0,0,0,0,0,0
2014-2015,HK02,3,7101,DHCQCN2007,DH,CQCN,101,Kéo dài,,4,0,0,0,0,0,0
2014-2015,HK02,3,07101BD,DHCQDP2007,DH,CQDP,101,Kéo dài,,1,1,0,0,0,0,1
2014-2015,HK02,3,07101LD,DHCQDP2007,DH,CQDP,101,Kéo dài,,8,0,0,0,0,0,0
2014-2015,HK02,3,7102,DHCQCN2007,DH,CQCN,102,Kéo dài,,15,5,0,0,0,0,5
2014-2015,HK02,3,07102CLC,DHCQCN2007,DH,CQCN,102,Kéo dài,,1,0,0,0,0,0,0
2014-2015,HK02,3,07102LD,DHCQDP2007,DH,CQDP,102,Kéo dài,,5,3,0,0,0,0,3
2014-2015,HK02,3,7103,DHCQCN2007,DH,CQCN,103,Kéo dài,,6,1,0,0,1,0,0
2014-2015,HK02,3,7104,DHCQCN2007,DH,CQCN,104,Kéo dài,,4,0,0,0,0,0,0
2014-2015,HK02,3,07104CTU,DHCQCN2007,DH,CQCN,104,Kéo dài,,4,0,0,0,0,0,0
2014-2015,HK02,3,7105,DHCQCN2007,DH,CQCN,105,Kéo dài,,2,0,0,0,0,0,0
2014-2015,HK02,3,7106,DHCQCN2007,DH,CQCN,106,Kéo dài,,5,0,0,0,0,0,0
2014-2015,HK02,3,7107,DHCQCN2007,DH,CQCN,107,Kéo dài,,2,0,0,0,0,0,0
2014-2015,HK02,3,7108,DHCQCN2007,DH,CQCN,108,Kéo dài,,3,0,0,0,0,0,0
2014-2015,HK02,3,7110,DHCQCN2007,DH,CQCN,110,Kéo dài,,5,2,0,0,0,0,2
2014-2015,HK02,3,07110CLC,DHCQCN2007,DH,CQCN,110,Kéo dài,,1,0,0,0,0,0,0
2014-2015,HK02,3,7111,DHCQCN2007,DH,CQCN,111,Kéo dài,,4,0,0,0,0,0,0
2014-2015,HK02,3,7112,DHCQCN2007,DH,CQCN,112,Kéo dài,,1,0,0,0,0,0,0
2014-2015,HK02,3,7113,DHCQCN2007,DH,CQCN,113,Kéo dài,,9,0,0,0,0,0,0
2014-2015,HK02,3,7114,DHCQCN2007,DH,CQCN,114,Kéo dài,,5,0,0,0,0,0,0
2014-2015,HK02,3,7115,DHCQCN2007,DH,CQCN,115,Kéo dài,,2,0,0,0,0,0,0
2014-2015,HK02,3,7117,DHCQCN2007,DH,CQCN,117,Kéo dài,,2,0,0,0,0,0,0
2014-2015,HK02,3,07117BD,DHCQDP2007,DH,CQDP,117,Kéo dài,,5,1,0,0,0,0,1
2014-2015,HK02,3,7118,DHCQCN2007,DH,CQCN,118,Kéo dài,,1,1,0,0,1,0,0
2014-2015,HK02,3,7119,DHCQCN2007,DH,CQCN,119,Kéo dài,,9,2,0,0,1,0,1
2014-2015,HK02,3,7124,DHCQCN2007,DH,CQCN,124,Kéo dài,,2,0,0,0,0,0,0
2014-2015,HK02,3,7202,DHCQKCN2007,DH,CQKCN,202,Kéo dài,,1,0,0,0,0,0,0
2014-2015,HK02,3,7203,DHCQKCN2007,DH,CQKCN,203,Kéo dài,,1,1,0,0,0,0,1
2014-2015,HK02,3,7702,CDCQCN2008,CD,CQCN,702,Kéo dài,,1,0,0,0,0,0,0
2014-2015,HK02,3,8101,DHCQCN2008,DH,CQCN,101,Kéo dài,,4,0,0,0,0,0,0
2014-2015,HK02,3,08101CLC,DHCQCN2008,DH,CQCN,101,Kéo dài,,1,0,0,0,0,0,0
2014-2015,HK02,3,8102,DHCQCN2008,DH,CQCN,102,Kéo dài,,19,3,0,0,2,0,1
2014-2015,HK02,3,08102CLC,DHCQCN2008,DH,CQCN,102,Kéo dài,,1,0,0,0,0,0,0
2014-2015,HK02,3,08102CTU,DHCQCN2008,DH,CQCN,102,Kéo dài,,2,0,0,0,0,0,0
2014-2015,HK02,3,8103,DHCQCN2008,DH,CQCN,103,Kéo dài,,11,2,0,0,1,0,1
2014-2015,HK02,3,8104,DHCQCN2008,DH,CQCN,104,Kéo dài,,8,0,0,0,0,0,0
2014-2015,HK02,3,8105,DHCQCN2008,DH,CQCN,105,Kéo dài,,7,1,0,0,0,0,1
2014-2015,HK02,3,8106,DHCQCN2008,DH,CQCN,106,Kéo dài,,2,0,0,0,0,0,0
2014-2015,HK02,3,8107,DHCQCN2008,DH,CQCN,107,Kéo dài,,2,1,0,0,0,0,1
2014-2015,HK02,3,8108,DHCQCN2008,DH,CQCN,108,Kéo dài,,3,1,0,0,1,0,0
2014-2015,HK02,3,8109,DHCQCN2008,DH,CQCN,109,Kéo dài,,1,0,0,0,0,0,0
2014-2015,HK02,3,8110,DHCQCN2008,DH,CQCN,110,Kéo dài,,13,4,0,0,0,0,4
2014-2015,HK02,3,08110CLC,DHCQCN2008,DH,CQCN,110,Kéo dài,,4,2,0,0,1,0,1
2014-2015,HK02,3,8111,DHCQCN2008,DH,CQCN,111,Kéo dài,,3,0,0,0,0,0,0
2014-2015,HK02,3,8112,DHCQCN2008,DH,CQCN,112,Kéo dài,,3,1,0,0,1,0,0
2014-2015,HK02,3,08112CLC,DHCQCN2008,DH,CQCN,112,Kéo dài,,1,0,0,0,0,0,0
2014-2015,HK02,3,8113,DHCQCN2008,DH,CQCN,113,Kéo dài,,2,1,0,0,0,0,1
2014-2015,HK02,3,8114,DHCQCN2008,DH,CQCN,114,Kéo dài,,10,3,0,0,1,0,2
2014-2015,HK02,3,8115,DHCQCN2008,DH,CQCN,115,Kéo dài,,1,0,0,0,0,0,0
2014-2015,HK02,3,8116,DHCQCN2008,DH,CQCN,116,Kéo dài,,2,0,0,0,0,0,0
2014-2015,HK02,3,8117,DHCQCN2008,DH,CQCN,117,Kéo dài,,12,2,0,0,0,0,2
2014-2015,HK02,3,8118,DHCQCN2008,DH,CQCN,118,Kéo dài,,9,2,0,0,2,0,0
2014-2015,HK02,3,8119,DHCQCN2008,DH,CQCN,119,Kéo dài,,2,0,0,0,0,0,0
2014-2015,HK02,3,8120,DHCQCN2008,DH,CQCN,120,Kéo dài,,5,3,0,0,0,0,3
2014-2015,HK02,3,8121,DHCQCN2008,DH,CQCN,121,Kéo dài,,1,0,0,0,0,0,0
2014-2015,HK02,3,8123,DHCQCN2008,DH,CQCN,123,Kéo dài,,2,0,0,0,0,0,0
2014-2015,HK02,3,8124,DHCQCN2008,DH,CQCN,124,Kéo dài,,4,1,0,0,1,0,0
2014-2015,HK02,3,8125,DHCQCN2008,DH,CQCN,125,Kéo dài,,1,0,0,0,0,0,0
2014-2015,HK02,3,8201,DHCQKCN2008,DH,CQKCN,201,Kéo dài,,5,1,0,0,0,0,1
2014-2015,HK02,3,8202,DHCQKCN2008,DH,CQKCN,202,Kéo dài,,1,0,0,0,0,0,0
2014-2015,HK02,3,8213,DHCQKCN2008,DH,CQKCN,213,Kéo dài,,3,0,0,0,0,0,0
2014-2015,HK02,3,8701,CDCQCN2008,CD,CQCN,701,Kéo dài,,1,1,0,0,0,0,1
2014-2015,HK02,3,8702,CDCQCN2008,CD,CQCN,702,Kéo dài,,1,1,0,0,0,0,1
2014-2015,HK02,3,08902LD,DHGV2008,DH,GV,902,Kéo dài,,12,2,0,0,0,0,2
2014-2015,HK02,3,8905,DHGV2008,DH,GV,905,Kéo dài,,2,0,0,0,0,0,0
2014-2015,HK02,3,8910,DHGV2008,DH,GV,910,Kéo dài,,3,1,0,0,0,0,1
2014-2015,HK02,3,8911,DHGV2008,DH,GV,911,Kéo dài,,1,1,0,0,0,0,1
2014-2015,HK02,3,8912,DHGV2008,DH,GV,912,Kéo dài,,5,1,0,0,1,0,0
2014-2015,HK02,3,08917LD,DHGV2008,DH,GV,917,Kéo dài,,9,1,0,0,0,0,1
2014-2015,HK02,3,9101,DHCQCN2009,DH,CQCN,101,Kéo dài,,30,8,0,0,4,0,4
2014-2015,HK02,3,09101CLC,DHCQCN2009,DH,CQCN,101,Kéo dài,,3,2,0,0,2,0,0
2014-2015,HK02,3,9102,DHCQCN2009,DH,CQCN,102,Kéo dài,,24,8,0,0,2,0,6
2014-2015,HK02,3,09102CLC,DHCQCN2009,DH,CQCN,102,Kéo dài,,7,3,0,0,2,0,1
2014-2015,HK02,3,9103,DHCQCN2009,DH,CQCN,103,Kéo dài,,21,3,0,0,1,0,2
2014-2015,HK02,3,09103CLC,DHCQCN2009,DH,CQCN,103,Kéo dài,,2,1,0,0,1,0,0
2014-2015,HK02,3,9104,DHCQCN2009,DH,CQCN,104,Kéo dài,,25,4,0,0,2,0,2
2014-2015,HK02,3,9105,DHCQCN2009,DH,CQCN,105,Kéo dài,,22,5,0,0,3,0,2
2014-2015,HK02,3,09105CLC,DHCQCN2009,DH,CQCN,105,Kéo dài,,1,1,0,0,1,0,0
2014-2015,HK02,3,9106,DHCQCN2009,DH,CQCN,106,Kéo dài,,9,4,0,0,2,0,2
2014-2015,HK02,3,9107,DHCQCN2009,DH,CQCN,107,Kéo dài,,6,2,0,0,1,0,1
2014-2015,HK02,3,9108,DHCQCN2009,DH,CQCN,108,Kéo dài,,6,2,0,0,0,0,2
2014-2015,HK02,3,09108CLC,DHCQCN2009,DH,CQCN,108,Kéo dài,,3,1,0,0,0,0,1
2014-2015,HK02,3,9109,DHCQCN2009,DH,CQCN,109,Kéo dài,,3,0,0,0,0,0,0
2014-2015,HK02,3,9110,DHCQCN2009,DH,CQCN,110,Kéo dài,,16,3,0,0,1,0,2
2014-2015,HK02,3,09110CLC,DHCQCN2009,DH,CQCN,110,Kéo dài,,2,0,0,0,0,0,0
2014-2015,HK02,3,9111,DHCQCN2009,DH,CQCN,111,Kéo dài,,12,3,0,0,0,0,3
2014-2015,HK02,3,09111CLC,DHCQCN2009,DH,CQCN,111,Kéo dài,,5,2,0,0,2,0,0
2014-2015,HK02,3,9112,DHCQCN2009,DH,CQCN,112,Kéo dài,,13,2,0,0,2,0,0
2014-2015,HK02,3,09112CLC,DHCQCN2009,DH,CQCN,112,Kéo dài,,14,4,0,0,3,0,1
2014-2015,HK02,3,9113,DHCQCN2009,DH,CQCN,113,Kéo dài,,11,1,0,0,0,0,1
2014-2015,HK02,3,9114,DHCQCN2009,DH,CQCN,114,Kéo dài,,23,5,0,0,2,0,3
2014-2015,HK02,3,09114CLC,DHCQCN2009,DH,CQCN,114,Kéo dài,,15,8,0,0,3,0,5
2014-2015,HK02,3,9115,DHCQCN2009,DH,CQCN,115,Kéo dài,,3,2,0,0,0,0,2
2014-2015,HK02,3,9116,DHCQCN2009,DH,CQCN,116,Kéo dài,,3,0,0,0,0,0,0
2014-2015,HK02,3,9117,DHCQCN2009,DH,CQCN,117,Kéo dài,,8,2,0,0,1,0,1
2014-2015,HK02,3,9118,DHCQCN2009,DH,CQCN,118,Kéo dài,,11,3,0,0,2,0,1
2014-2015,HK02,3,09118CLC,DHCQCN2009,DH,CQCN,118,Kéo dài,,8,1,0,0,1,0,0
2014-2015,HK02,3,9119,DHCQCN2009,DH,CQCN,119,Kéo dài,,15,2,0,0,2,0,0
2014-2015,HK02,3,09119CLC,DHCQCN2009,DH,CQCN,119,Kéo dài,,3,0,0,0,0,0,0
2014-2015,HK02,3,9120,DHCQCN2009,DH,CQCN,120,Kéo dài,,4,1,0,0,1,0,0
2014-2015,HK02,3,9123,DHCQCN2009,DH,CQCN,123,Kéo dài,,6,1,0,0,1,0,0
2014-2015,HK02,3,9124,DHCQCN2009,DH,CQCN,124,Kéo dài,,11,1,0,0,1,0,0
2014-2015,HK02,3,9125,DHCQCN2009,DH,CQCN,125,Kéo dài,,2,0,0,0,0,0,0
2014-2015,HK02,3,9201,DHCQKCN2009,DH,CQKCN,201,Kéo dài,,19,5,0,0,0,0,5
2014-2015,HK02,3,9202,DHCQKCN2009,DH,CQKCN,202,Kéo dài,,13,5,0,0,0,0,5
2014-2015,HK02,3,9203,DHCQKCN2009,DH,CQKCN,203,Kéo dài,,12,4,0,0,1,0,3
2014-2015,HK02,3,9205,DHCQKCN2009,DH,CQKCN,205,Kéo dài,,5,2,0,0,1,0,1
2014-2015,HK02,3,9213,DHCQKCN2009,DH,CQKCN,213,Kéo dài,,2,1,0,0,0,0,1
2014-2015,HK02,3,9701,CDCQCN2009,CD,CQCN,701,Kéo dài,,9,1,0,0,0,0,1
2014-2015,HK02,3,9702,CDCQCN2009,CD,CQCN,702,Kéo dài,,8,2,0,0,0,0,2
2014-2015,HK02,3,9703,CDCQCN2009,CD,CQCN,703,Kéo dài,,13,2,0,0,0,0,2
2014-2015,HK02,3,9705,CDCQCN2009,CD,CQCN,705,Kéo dài,,6,3,0,0,2,0,1
2014-2015,HK02,3,9709,CDCQCN2009,CD,CQCN,709,Kéo dài,,4,1,0,0,1,0,0
2014-2015,HK02,3,9901,DHGV2009,DH,GV,901,Kéo dài,,11,3,0,0,1,0,2
2014-2015,HK02,3,9902,DHGV2009,DH,GV,902,Kéo dài,,8,3,0,0,3,0,0
2014-2015,HK02,3,09902CTU,DHGV2009,DH,GV,902,Kéo dài,,23,7,0,0,6,0,1
2014-2015,HK02,3,9903,DHGV2009,DH,GV,903,Kéo dài,,18,8,0,0,6,0,2
2014-2015,HK02,3,9904,DHGV2009,DH,GV,904,Kéo dài,,7,4,0,0,2,0,2
2014-2015,HK02,3,9905,DHGV2009,DH,GV,905,Kéo dài,,10,3,0,0,3,0,0
2014-2015,HK02,3,9910,DHGV2009,DH,GV,910,Kéo dài,,8,5,0,0,0,0,5
2014-2015,HK02,3,9911,DHGV2009,DH,GV,911,Kéo dài,,13,3,0,0,3,0,0
2014-2015,HK02,3,9913,DHGV2009,DH,GV,913,Kéo dài,,5,0,0,0,0,0,0
2014-2015,HK02,3,09914LD,DHGV2009,DH,GV,914,Kéo dài,,18,10,0,0,5,0,5
2014-2015,HK02,3,09917LD,DHGV2009,DH,GV,917,Kéo dài,,16,7,0,0,1,0,6
2014-2015,HK02,3,10101,DHCQCN2010,DH,CQCN,101,Kéo dài,,61,25,0,0,22,0,3
2014-2015,HK02,3,10101CLC,DHCQCN2010,DH,CQCN,101,Kéo dài,,13,7,0,0,7,0,0
2014-2015,HK02,3,10102,DHCQCN2010,DH,CQCN,102,Kéo dài,,71,40,0,0,29,0,11
2014-2015,HK02,3,10102CLC,DHCQCN2010,DH,CQCN,102,Kéo dài,,17,6,0,0,6,0,0
2014-2015,HK02,3,10103,DHCQCN2010,DH,CQCN,103,Kéo dài,,67,31,0,0,27,0,4
2014-2015,HK02,3,10103CLC,DHCQCN2010,DH,CQCN,103,Kéo dài,,29,13,0,0,12,0,1
2014-2015,HK02,3,10104,DHCQCN2010,DH,CQCN,104,Kéo dài,,27,10,0,0,9,0,1
2014-2015,HK02,3,10105,DHCQCN2010,DH,CQCN,105,Kéo dài,,67,23,0,0,21,0,2
2014-2015,HK02,3,10105CLC,DHCQCN2010,DH,CQCN,105,Kéo dài,,15,3,0,0,3,0,0
2014-2015,HK02,3,10106,DHCQCN2010,DH,CQCN,106,Kéo dài,,8,3,0,0,3,0,0
2014-2015,HK02,3,10107,DHCQCN2010,DH,CQCN,107,Kéo dài,,8,4,0,0,4,0,0
2014-2015,HK02,3,10108,DHCQCN2010,DH,CQCN,108,Kéo dài,,4,2,0,0,1,0,1
2014-2015,HK02,3,10108CLC,DHCQCN2010,DH,CQCN,108,Kéo dài,,1,0,0,0,0,0,0
2014-2015,HK02,3,10109,DHCQCN2010,DH,CQCN,109,Kéo dài,,11,3,0,0,2,0,1
2014-2015,HK02,3,10110,DHCQCN2010,DH,CQCN,110,Kéo dài,,58,20,0,0,16,0,4
2014-2015,HK02,3,10110CLC,DHCQCN2010,DH,CQCN,110,Kéo dài,,14,6,0,0,6,0,0
2014-2015,HK02,3,10111,DHCQCN2010,DH,CQCN,111,Kéo dài,,54,27,0,0,26,0,1
2014-2015,HK02,3,10111CLC,DHCQCN2010,DH,CQCN,111,Kéo dài,,13,8,0,0,8,0,0
2014-2015,HK02,3,10112,DHCQCN2010,DH,CQCN,112,Kéo dài,,42,16,0,1,15,0,0
2014-2015,HK02,3,10112CLC,DHCQCN2010,DH,CQCN,112,Kéo dài,,10,2,0,0,2,0,0
2014-2015,HK02,3,10113,DHCQCN2010,DH,CQCN,113,Kéo dài,,11,5,0,0,5,0,0
2014-2015,HK02,3,10114,DHCQCN2010,DH,CQCN,114,Kéo dài,,52,20,0,0,17,0,3
2014-2015,HK02,3,10114CLC,DHCQCN2010,DH,CQCN,114,Kéo dài,,5,3,0,0,3,0,0
2014-2015,HK02,3,10115,DHCQCN2010,DH,CQCN,115,Kéo dài,,15,7,0,0,5,0,2
2014-2015,HK02,3,10116,DHCQCN2010,DH,CQCN,116,Kéo dài,,7,2,0,0,2,0,0
2014-2015,HK02,3,10117,DHCQCN2010,DH,CQCN,117,Kéo dài,,47,19,0,0,16,0,3
2014-2015,HK02,3,10118,DHCQCN2010,DH,CQCN,118,Kéo dài,,37,14,0,0,12,0,2
2014-2015,HK02,3,10118CLC,DHCQCN2010,DH,CQCN,118,Kéo dài,,15,9,0,0,8,0,1
2014-2015,HK02,3,10119,DHCQCN2010,DH,CQCN,119,Kéo dài,,40,4,0,0,4,0,0
2014-2015,HK02,3,10119CLC,DHCQCN2010,DH,CQCN,119,Kéo dài,,13,3,0,0,3,0,0
2014-2015,HK02,3,10120,DHCQCN2010,DH,CQCN,120,Kéo dài,,21,10,0,0,9,0,1
2014-2015,HK02,3,10121,DHCQCN2010,DH,CQCN,121,Kéo dài,,4,1,0,0,1,0,0
2014-2015,HK02,3,10123,DHCQCN2010,DH,CQCN,123,Kéo dài,,14,5,0,0,5,0,0
2014-2015,HK02,3,10124,DHCQCN2010,DH,CQCN,124,Kéo dài,,22,10,0,0,8,0,2
2014-2015,HK02,3,10125,DHCQCN2010,DH,CQCN,125,Kéo dài,,10,4,0,0,3,0,1
2014-2015,HK02,3,10125CLC,DHCQCN2010,DH,CQCN,125,Kéo dài,,1,1,0,0,1,0,0
2014-2015,HK02,3,10201,DHCQKCN2010,DH,CQKCN,201,Kéo dài,,28,9,0,0,3,0,6
2014-2015,HK02,3,10202,DHCQKCN2010,DH,CQKCN,202,Kéo dài,,44,9,0,0,0,0,9
2014-2015,HK02,3,10203,DHCQKCN2010,DH,CQKCN,203,Kéo dài,,59,30,0,0,24,0,6
2014-2015,HK02,3,10205,DHCQKCN2010,DH,CQKCN,205,Kéo dài,,24,10,0,0,9,0,1
2014-2015,HK02,3,10209,DHCQKCN2010,DH,CQKCN,209,Kéo dài,,4,0,0,0,0,0,0
2014-2015,HK02,3,10701,CDCQCN2010,CD,CQCN,701,Kéo dài,,18,3,0,0,3,0,0
2014-2015,HK02,3,10702,CDCQCN2010,CD,CQCN,702,Kéo dài,,13,3,0,0,1,0,2
2014-2015,HK02,3,10703,CDCQCN2010,CD,CQCN,703,Kéo dài,,31,5,0,0,3,0,2
2014-2015,HK02,3,10705,CDCQCN2010,CD,CQCN,705,Kéo dài,,30,9,0,0,6,0,3
2014-2015,HK02,3,10709,CDCQCN2010,CD,CQCN,709,Kéo dài,,6,2,0,0,2,0,0
2014-2015,HK02,3,10901,DHGV2010,DH,GV,901,1,89.0,69,13,0,0,12,0,1
2014-2015,HK02,3,10902,DHGV2010,DH,GV,902,1,60.0,50,25,0,0,25,0,0
2014-2015,HK02,3,10903,DHGV2010,DH,GV,903,1,75.0,55,19,0,0,19,0,0
2014-2015,HK02,3,10904,DHGV2010,DH,GV,904,1,17.0,8,2,0,0,2,0,0
2014-2015,HK02,3,10904CTU,DHGV2010,DH,GV,904,1,13.0,7,1,0,0,1,0,0
2014-2015,HK02,3,10905,DHGV2010,DH,GV,905,1,85.0,65,30,0,0,30,0,0
2014-2015,HK02,3,10910,DHGV2010,DH,GV,910,1,52.0,37,16,0,0,16,0,0
2014-2015,HK02,3,10910LD,DHGV2010,DH,GV,910,1,40.0,26,8,0,0,8,0,0
2014-2015,HK02,3,10911,DHGV2010,DH,GV,911,1,71.0,55,22,0,0,22,0,0
2014-2015,HK02,3,10913,DHGV2010,DH,GV,913,1,14.0,12,7,0,0,7,0,0
2014-2015,HK02,3,10914,DHGV2010,DH,GV,914,1,108.0,83,22,0,0,22,0,0
2014-2015,HK02,3,10917,DHGV2010,DH,GV,917,1,63.0,49,23,0,1,22,0,0
2014-2015,HK02,3,11125,DHCQCN2011,DH,CQCN,125,Vượt,,90,3,0,3,0,0,0
2014-2015,HK02,3,11125CLC,DHCQCN2011,DH,CQCN,125,Vượt,,12,1,0,0,1,0,0
2014-2015,HK02,3,11143,DHCQCN2011,DH,CQCN,143,Vượt,,5,5,0,1,4,0,0
2014-2015,HK02,3,11149,DHCQCN2011,DH,CQCN,149,Vượt,,162,10,0,0,10,0,0
2014-2015,HK02,3,11243,DHCQKCN2011,DH,CQKCN,243,Vượt,,5,5,0,0,5,0,0
2014-2015,HK02,3,11245,DHCQKCN2011,DH,CQKCN,245,Vượt,,3,3,0,0,3,0,0
2014-2015,HK02,3,11247,DHCQKCN2011,DH,CQKCN,247,Vượt,,18,11,0,0,11,0,0
2014-2015,HK02,3,11709,CDCQCN2011,CD,CQCN,709,Kéo dài,,17,4,0,0,4,0,0
2014-2015,HK02,3,11741,CDCQCN2011,CD,CQCN,741,Kéo dài,,35,12,0,0,9,0,3
2014-2015,HK02,3,11742,CDCQCN2011,CD,CQCN,742,Kéo dài,,36,12,0,0,10,0,2
2014-2015,HK01,1,10105,DHCQCN2010,DH,CQCN,105,Kéo dài,,74,1,0,0,1,0,0
2014-2015,HK01,1,10110,DHCQKCN,DH,CQCN,110,Kéo dài,,1,1,0,0,0,0,1
2014-2015,HK01,1,10111CLC,DHCQKCN,DH,CQCN,111,Kéo dài,,1,1,0,0,1,0,0
2014-2015,HK01,1,10118CLC,DHCQKCN,DH,CQCN,118,Kéo dài,,5,3,0,0,3,0,0
2014-2015,HK01,1,10124,DHCQKCN,DH,CQCN,124,Kéo dài,,1,1,0,0,1,0,0
2014-2015,HK01,1,10125,DHCQKCN,DH,CQCN,125,Kéo dài,,3,3,0,0,3,0,0
2014-2015,HK01,1,10205,DHCQKCN2010,DH,CQKCN,205,Kéo dài,,34,6,0,0,5,0,1
2014-2015,HK01,4,10401,DHVLVH2010,DH,VLVH,401,Kéo dài,,27,11,0,0,1,7,3
2014-2015,HK01,4,10402,DHVLVH2010,DH,VLVH,402,Kéo dài,,92,46,0,0,11,35,0
2014-2015,HK01,4,10403,DHVLVH2010,DH,VLVH,403,Kéo dài,,43,16,0,0,1,14,1
2014-2015,HK01,1,10414,DHVLVH2010,DH,VLVH,414,Kéo dài,,32,0,0,0,0,0,0
2014-2015,HK01,4,10414,DHVLVH2010,DH,VLVH,414,Kéo dài,,98,48,0,0,11,33,4
2014-2015,HK01,4,10417,DHVLVH2010,DH,VLVH,417,Kéo dài,,37,33,0,0,6,27,0
2014-2015,HK01,1,10502,DHVLVHTC2010,DH,VLVHTC,502,Kéo dài,,50,50,0,0,0,46,4
2014-2015,HK01,4,10502,DHVLVHTC2010,DH,VLVHTC,502,Kéo dài,,33,7,0,0,0,5,2
2014-2015,HK01,4,10503,DHVLVHTC2010,DH,VLVHTC,503,Kéo dài,,32,3,0,0,0,3,0
2014-2015,HK01,4,11542,DHVLVHTC2011,DH,VLVHTC,542,Kéo dài,,222,165,0,0,18,142,5
2014-2015,HK01,4,11549,DHVLVHTC2011,DH,VLVHTC,549,Kéo dài,,66,1,0,0,0,1,0
2014-2015,HK01,1,9102,DHCQCN2009,DH,CQCN,102,Kéo dài,,1,1,0,0,0,0,1
2014-2015,HK01,1,9103,DHCQCN2009,DH,CQCN,103,Kéo dài,,23,1,0,0,1,0,0
2014-2015,HK01,1,9105,DHCQCN2009,DH,CQCN,105,Kéo dài,,35,6,0,0,3,0,3
2014-2015,HK01,1,9106,DHCQCN2009,DH,CQCN,106,Kéo dài,,11,1,0,0,1,0,0
2014-2015,HK01,1,9107,DHCQCN2009,DH,CQCN,107,Kéo dài,,1,1,0,0,1,0,0
2014-2015,HK01,1,9111,DHCQCN2009,DH,CQCN,111,Kéo dài,,16,1,0,0,1,0,0
2014-2015,HK01,1,9117,DHCQCN2009,DH,CQCN,117,Kéo dài,,1,1,0,0,0,0,1
2014-2015,HK01,1,9120,DHCQCN2009,DH,CQCN,120,Kéo dài,,1,1,0,0,1,0,0
2014-2015,HK01,1,9124,DHCQCN2009,DH,CQCN,124,Kéo dài,,15,2,0,0,0,0,2
2014-2015,HK01,1,9201,DHCQKCN2009,DH,CQKCN,201,Kéo dài,,1,1,0,0,0,0,1
2014-2015,HK01,1,9203,DHCQKCN2009,DH,CQKCN,203,Kéo dài,,13,1,0,0,0,0,1
2014-2015,HK01,1,9205,DHCQKCN2009,DH,CQKCN,205,Kéo dài,,7,2,0,0,1,0,1
2014-2015,HK01,1,9703,CDCQCN2009,CD,CQCN,703,Kéo dài,,15,1,0,0,0,0,1
2014-2015,HK01,1,9903,DHGV2009,DH,GV,903,Kéo dài,,18,0,0,0,0,0,0
2014-2015,HK01,1,9905,DHGV2009,DH,GV,905,Kéo dài,,13,2,0,0,1,0,1
2014-2015,HK01,1,10401(1),DHVLVH2010,DH,VLVH,401,Kéo dài,,2,0,0,0,0,0,0
2014-2015,HK01,4,10401(1),DHVLVH2010,DH,VLVH,401,Kéo dài,,2,0,0,0,0,0,0
2014-2015,HK01,1,10402(1),DHVLVH2010,DH,VLVH,402,Kéo dài,,10,8,0,0,0,8,0
2014-2015,HK01,4,10402(1),DHVLVH2010,DH,VLVH,402,Kéo dài,,2,1,0,0,0,1,0
2014-2015,HK01,1,8203,DHCQKCN2008,DH,CQKCN,203,Kéo dài,,3,2,0,0,0,0,2
2014-2015,HK01,1,7201,DHCQKCN2007,DH,CQKCN,201,Kéo dài,,1,1,0,0,0,0,1
2014-2015,HK01,1,6112,DHCQCN2006,DH,CQCN,112,Kéo dài,,4,1,0,0,0,0,1
2014-2015,HK01,4,12525(1),DHVLVHTC2012,DH,VLVHTC,525,Kéo dài,,44,42,0,0,40,2,0
2014-2015,HK01,1,12842(2),DHVLVHCDN2012,DH,VLVHCDN,842,Kéo dài,,7,7,0,0,0,6,1
2014-2015,HK01,4,12842(2),DHVLVHCDN2012,DH,VLVHCDN,842,Kéo dài,,11,3,0,0,0,3,0
2014-2015,HK01,1,12843(2),DHVLVHCDN2012,DH,VLVHCDN,843,Kéo dài,,2,2,0,0,0,2,0
2014-2015,HK01,4,12843(2),DHVLVHCDN2012,DH,VLVHCDN,843,Kéo dài,,41,3,0,0,0,3,0
2014-2015,HK01,1,12845(2),DHVLVHCDN2012,DH,VLVHCDN,845,Kéo dài,,10,10,0,0,1,6,3
2014-2015,HK01,4,12845(2),DHVLVHCDN2012,DH,VLVHCDN,845,Kéo dài,,27,4,0,0,0,3,1
2014-2015,HK01,4,13604,DHVLVHCD2013,DH,VLVHCD,604,Kéo dài,,35,31,0,0,4,27,0
2013-2014,HK03,1,10502,DHVLVHTC2010,DH,VLVHTC,502,Kéo dài,,313,230,0,1,20,196,13
2013-2014,HK03,1,10503,DHVLVHTC2010,DH,VLVHTC,503,Kéo dài,,37,5,0,0,0,5,0
2013-2014,HK03,1,10401(1),DHVLVH2010,DH,VLVH,401,Kéo dài,,26,24,0,0,6,18,0
2013-2014,HK03,1,10402(1),DHVLVH2010,DH,VLVH,402,Kéo dài,,52,42,0,0,5,37,0
2013-2014,HK03,1,12842(2),DHVLVHCDN2012,DH,VLVHCDN,842,Kéo dài,,99,81,0,0,1,78,2
2013-2014,HK03,1,12843(2),DHVLVHCDN2012,DH,VLVHCDN,843,Kéo dài,,52,9,0,0,1,8,0
2013-2014,HK03,1,12845(2),DHVLVHCDN2012,DH,VLVHCDN,845,Kéo dài,,73,36,0,1,5,29,1
2013-2014,HK02,0,2102,DHCQCN2005,DH,CQCN,102,Kéo dài,,1,0,0,0,0,0,0
2013-2014,HK02,0,3101,DHCQCN2005,DH,CQCN,101,Kéo dài,,3,0,0,0,0,0,0
2013-2014,HK02,0,3102,DHCQCN2005,DH,CQCN,102,Kéo dài,,2,0,0,0,0,0,0
2013-2014,HK02,0,3113,DHCQCN2005,DH,CQCN,113,Kéo dài,,1,0,0,0,0,0,0
2013-2014,HK02,0,4104,DHCQCN2005,DH,CQCN,104,Kéo dài,,7,0,0,0,0,0,0
2013-2014,HK02,0,5101,DHCQCN2005,DH,CQCN,101,Kéo dài,,1,0,0,0,0,0,0
2013-2014,HK02,0,05104CTU,DHCQCN2005,DH,CQCN,104,Kéo dài,,3,0,0,0,0,0,0
2013-2014,HK02,0,5110,DHCQCN2005,DH,CQCN,110,Kéo dài,,1,0,0,0,0,0,0
2013-2014,HK02,0,5121,DHCQCN2005,DH,CQCN,121,Kéo dài,,1,0,0,0,0,0,0
2013-2014,HK02,0,6101,DHCQCN2006,DH,CQCN,101,Kéo dài,,4,0,0,0,0,0,0
2013-2014,HK02,0,6102,DHCQCN2006,DH,CQCN,102,Kéo dài,,3,0,0,0,0,0,0
2013-2014,HK02,0,06102CLC,DHCQCN2006,DH,CQCN,102,Kéo dài,,2,0,0,0,0,0,0
2013-2014,HK02,0,06102CTU,DHCQCN2006,DH,CQCN,102,Kéo dài,,2,0,0,0,0,0,0
2013-2014,HK02,0,6103,DHCQCN2006,DH,CQCN,103,Kéo dài,,3,3,0,0,0,0,3
2013-2014,HK02,0,6104,DHCQCN2006,DH,CQCN,104,Kéo dài,,2,0,0,0,0,0,0
2013-2014,HK02,0,6105,DHCQCN2006,DH,CQCN,105,Kéo dài,,13,1,0,0,0,0,1
2013-2014,HK02,0,6106,DHCQCN2006,DH,CQCN,106,Kéo dài,,3,0,0,0,0,0,0
2013-2014,HK02,0,6110,DHCQCN2006,DH,CQCN,110,Kéo dài,,6,0,0,0,0,0,0
2013-2014,HK02,0,6111,DHCQCN2006,DH,CQCN,111,Kéo dài,,6,0,0,0,0,0,0
2013-2014,HK02,0,6112,DHCQCN2006,DH,CQCN,112,Kéo dài,,6,0,0,0,0,0,0
2013-2014,HK02,0,6113,DHCQCN2006,DH,CQCN,113,Kéo dài,,1,0,0,0,0,0,0
2013-2014,HK02,0,6114,DHCQCN2006,DH,CQCN,114,Kéo dài,,1,0,0,0,0,0,0
2013-2014,HK02,0,6117,DHCQCN2006,DH,CQCN,117,Kéo dài,,3,1,0,0,0,0,1
2013-2014,HK02,0,6124,DHCQCN2006,DH,CQCN,124,Kéo dài,,1,0,0,0,0,0,0
2013-2014,HK02,0,7101,DHCQCN2007,DH,CQCN,101,Kéo dài,,11,3,0,0,2,0,1
2013-2014,HK02,0,7102,DHCQCN2007,DH,CQCN,102,Kéo dài,,21,3,0,0,0,0,3
2013-2014,HK02,0,07102CLC,DHCQCN2007,DH,CQCN,102,Kéo dài,,2,0,0,0,0,0,0
2013-2014,HK02,0,7103,DHCQCN2007,DH,CQCN,103,Kéo dài,,13,3,0,0,0,0,3
2013-2014,HK02,0,7104,DHCQCN2007,DH,CQCN,104,Kéo dài,,10,3,0,0,1,0,2
2013-2014,HK02,0,07104CTU,DHCQCN2007,DH,CQCN,104,Kéo dài,,7,1,0,0,0,0,1
2013-2014,HK02,0,7105,DHCQCN2007,DH,CQCN,105,Kéo dài,,10,4,0,0,1,0,3
2013-2014,HK02,0,7106,DHCQCN2007,DH,CQCN,106,Kéo dài,,9,2,0,0,1,0,1
2013-2014,HK02,0,7107,DHCQCN2007,DH,CQCN,107,Kéo dài,,4,0,0,0,0,0,0
2013-2014,HK02,0,7108,DHCQCN2007,DH,CQCN,108,Kéo dài,,3,0,0,0,0,0,0
2013-2014,HK02,0,7110,DHCQCN2007,DH,CQCN,110,Kéo dài,,9,1,0,0,0,0,1
2013-2014,HK02,0,07110CLC,DHCQCN2007,DH,CQCN,110,Kéo dài,,2,0,0,0,0,0,0
2013-2014,HK02,0,7111,DHCQCN2007,DH,CQCN,111,Kéo dài,,11,2,0,0,0,0,2
2013-2014,HK02,0,7112,DHCQCN2007,DH,CQCN,112,Kéo dài,,5,2,0,0,1,0,1
2013-2014,HK02,0,07112CLC,DHCQCN2007,DH,CQCN,112,Kéo dài,,1,0,0,0,0,0,0
2013-2014,HK02,0,7113,DHCQCN2007,DH,CQCN,113,Kéo dài,,15,3,0,0,1,0,2
2013-2014,HK02,0,7114,DHCQCN2007,DH,CQCN,114,Kéo dài,,8,2,0,0,0,0,2
2013-2014,HK02,0,7115,DHCQCN2007,DH,CQCN,115,Kéo dài,,4,1,0,0,1,0,0
2013-2014,HK02,0,7117,DHCQCN2007,DH,CQCN,117,Kéo dài,,8,1,0,0,1,0,0
2013-2014,HK02,0,7118,DHCQCN2007,DH,CQCN,118,Kéo dài,,4,2,0,0,2,0,0
2013-2014,HK02,0,7119,DHCQCN2007,DH,CQCN,119,Kéo dài,,11,1,0,0,0,0,1
2013-2014,HK02,0,7124,DHCQCN2007,DH,CQCN,124,Kéo dài,,5,0,0,0,0,0,0
2013-2014,HK02,0,7125,DHCQCN2007,DH,CQCN,125,Kéo dài,,2,1,0,0,0,0,1
2013-2014,HK02,0,8101,DHCQCN2008,DH,CQCN,101,Kéo dài,,16,4,0,0,2,0,2
2013-2014,HK02,0,08101CLC,DHCQCN2008,DH,CQCN,101,Kéo dài,,3,1,0,0,0,0,1
2013-2014,HK02,0,8102,DHCQCN2008,DH,CQCN,102,Kéo dài,,33,7,0,0,1,0,6
2013-2014,HK02,0,08102CLC,DHCQCN2008,DH,CQCN,102,Kéo dài,,2,0,0,0,0,0,0
2013-2014,HK02,0,08102CTU,DHCQCN2008,DH,CQCN,102,Kéo dài,,2,0,0,0,0,0,0
2013-2014,HK02,0,8103,DHCQCN2008,DH,CQCN,103,Kéo dài,,25,9,0,0,4,0,5
2013-2014,HK02,0,8104,DHCQCN2008,DH,CQCN,104,Kéo dài,,14,1,0,0,0,0,1
2013-2014,HK02,0,8105,DHCQCN2008,DH,CQCN,105,Kéo dài,,20,6,0,0,3,0,3
2013-2014,HK02,0,08105CLC,DHCQCN2008,DH,CQCN,105,Kéo dài,,2,1,0,0,1,0,0
2013-2014,HK02,0,8106,DHCQCN2008,DH,CQCN,106,Kéo dài,,4,0,0,0,0,0,0
2013-2014,HK02,0,8107,DHCQCN2008,DH,CQCN,107,Kéo dài,,7,3,0,0,0,0,3
2013-2014,HK02,0,8108,DHCQCN2008,DH,CQCN,108,Kéo dài,,5,0,0,0,0,0,0
2013-2014,HK02,0,8109,DHCQCN2008,DH,CQCN,109,Kéo dài,,2,1,0,0,1,0,0
2013-2014,HK02,0,8110,DHCQCN2008,DH,CQCN,110,Kéo dài,,26,4,0,0,1,0,3
2013-2014,HK02,0,08110CLC,DHCQCN2008,DH,CQCN,110,Kéo dài,,8,1,0,0,0,0,1
2013-2014,HK02,0,8111,DHCQCN2008,DH,CQCN,111,Kéo dài,,6,1,0,0,0,0,1
2013-2014,HK02,0,08111CLC,DHCQCN2008,DH,CQCN,111,Kéo dài,,1,0,0,0,0,0,0
2013-2014,HK02,0,8112,DHCQCN2008,DH,CQCN,112,Kéo dài,,10,4,0,0,2,0,2
2013-2014,HK02,0,08112CLC,DHCQCN2008,DH,CQCN,112,Kéo dài,,2,1,0,0,1,0,0
2013-2014,HK02,0,8113,DHCQCN2008,DH,CQCN,113,Kéo dài,,7,2,0,0,1,0,1
2013-2014,HK02,0,8114,DHCQCN2008,DH,CQCN,114,Kéo dài,,17,1,0,0,1,0,0
2013-2014,HK02,0,8115,DHCQCN2008,DH,CQCN,115,Kéo dài,,1,0,0,0,0,0,0
2013-2014,HK02,0,8116,DHCQCN2008,DH,CQCN,116,Kéo dài,,4,2,0,0,0,0,2
2013-2014,HK02,0,8117,DHCQCN2008,DH,CQCN,117,Kéo dài,,24,7,0,0,5,0,2
2013-2014,HK02,0,8118,DHCQCN2008,DH,CQCN,118,Kéo dài,,15,2,0,0,2,0,0
2013-2014,HK02,0,8119,DHCQCN2008,DH,CQCN,119,Kéo dài,,18,12,0,0,2,0,10
2013-2014,HK02,0,8120,DHCQCN2008,DH,CQCN,120,Kéo dài,,9,2,0,0,1,0,1
2013-2014,HK02,0,8121,DHCQCN2008,DH,CQCN,121,Kéo dài,,1,0,0,0,0,0,0
2013-2014,HK02,0,8123,DHCQCN2008,DH,CQCN,123,Kéo dài,,2,0,0,0,0,0,0
2013-2014,HK02,0,8124,DHCQCN2008,DH,CQCN,124,Kéo dài,,10,4,0,0,2,0,2
2013-2014,HK02,0,8125,DHCQCN2008,DH,CQCN,125,Kéo dài,,4,1,0,0,0,0,1
2013-2014,HK02,0,9101,DHCQCN2009,DH,CQCN,101,Kéo dài,,48,11,0,0,5,0,6
2013-2014,HK02,0,09101CLC,DHCQCN2009,DH,CQCN,101,Kéo dài,,6,1,0,0,1,0,0
2013-2014,HK02,0,9102,DHCQCN2009,DH,CQCN,102,Kéo dài,,49,21,0,0,13,0,8
2013-2014,HK02,0,09102CLC,DHCQCN2009,DH,CQCN,102,Kéo dài,,16,6,0,0,5,0,1
2013-2014,HK02,0,9103,DHCQCN2009,DH,CQCN,103,Kéo dài,,36,10,0,0,10,0,0
2013-2014,HK02,0,09103CLC,DHCQCN2009,DH,CQCN,103,Kéo dài,,6,2,0,0,2,0,0
2013-2014,HK02,0,9104,DHCQCN2009,DH,CQCN,104,Kéo dài,,73,10,0,0,9,0,1
2013-2014,HK02,0,9105,DHCQCN2009,DH,CQCN,105,Kéo dài,,51,10,0,0,7,0,3
2013-2014,HK02,0,09105CLC,DHCQCN2009,DH,CQCN,105,Kéo dài,,8,5,0,0,5,0,0
2013-2014,HK02,0,9106,DHCQCN2009,DH,CQCN,106,Kéo dài,,16,4,0,0,2,0,2
2013-2014,HK02,0,9107,DHCQCN2009,DH,CQCN,107,Kéo dài,,14,3,0,0,2,0,1
2013-2014,HK02,0,9108,DHCQCN2009,DH,CQCN,108,Kéo dài,,13,3,0,0,0,0,3
2013-2014,HK02,0,09108CLC,DHCQCN2009,DH,CQCN,108,Kéo dài,,3,0,0,0,0,0,0
2013-2014,HK02,0,9109,DHCQCN2009,DH,CQCN,109,Kéo dài,,7,2,0,0,1,0,1
2013-2014,HK02,0,9110,DHCQCN2009,DH,CQCN,110,Kéo dài,,33,10,0,0,3,0,7
2013-2014,HK02,0,09110CLC,DHCQCN2009,DH,CQCN,110,Kéo dài,,3,1,0,0,1,0,0
2013-2014,HK02,0,9111,DHCQCN2009,DH,CQCN,111,Kéo dài,,20,3,0,0,3,0,0
2013-2014,HK02,0,09111CLC,DHCQCN2009,DH,CQCN,111,Kéo dài,,8,3,0,0,3,0,0
2013-2014,HK02,0,9112,DHCQCN2009,DH,CQCN,112,Kéo dài,,24,7,0,0,5,0,2
2013-2014,HK02,0,09112CLC,DHCQCN2009,DH,CQCN,112,Kéo dài,,31,14,0,0,13,0,1
2013-2014,HK02,0,9113,DHCQCN2009,DH,CQCN,113,Kéo dài,,22,7,0,0,5,0,2
2013-2014,HK02,0,9114,DHCQCN2009,DH,CQCN,114,Kéo dài,,29,3,0,0,1,0,2
2013-2014,HK02,0,09114CLC,DHCQCN2009,DH,CQCN,114,Kéo dài,,27,8,0,0,6,0,2
2013-2014,HK02,0,9115,DHCQCN2009,DH,CQCN,115,Kéo dài,,9,4,0,0,3,0,1
2013-2014,HK02,0,9116,DHCQCN2009,DH,CQCN,116,Kéo dài,,10,4,0,0,4,0,0
2013-2014,HK02,0,9117,DHCQCN2009,DH,CQCN,117,Kéo dài,,21,9,0,0,3,0,6
2013-2014,HK02,0,9118,DHCQCN2009,DH,CQCN,118,Kéo dài,,16,4,0,0,2,0,2
2013-2014,HK02,0,09118CLC,DHCQCN2009,DH,CQCN,118,Kéo dài,,20,5,0,0,4,0,1
2013-2014,HK02,0,9119,DHCQCN2009,DH,CQCN,119,Kéo dài,,30,11,0,0,2,0,9
2013-2014,HK02,0,09119CLC,DHCQCN2009,DH,CQCN,119,Kéo dài,,7,2,0,0,2,0,0
2013-2014,HK02,0,9120,DHCQCN2009,DH,CQCN,120,Kéo dài,,13,5,0,0,3,0,2
2013-2014,HK02,0,9121,DHCQCN2009,DH,CQCN,121,Kéo dài,,1,1,0,0,1,0,0
2013-2014,HK02,0,9123,DHCQCN2009,DH,CQCN,123,Kéo dài,,12,5,0,0,4,0,1
2013-2014,HK02,0,9124,DHCQCN2009,DH,CQCN,124,Kéo dài,,25,7,0,0,6,0,1
2013-2014,HK02,0,9125,DHCQCN2009,DH,CQCN,125,Kéo dài,,8,6,0,0,3,0,3
2013-2014,HK02,0,10101,DHCQCN2010,DH,CQCN,101,1,160.0,135,71,0,3,68,0,0
2013-2014,HK02,0,10101CLC,DHCQCN2010,DH,CQCN,101,1,36.0,35,19,0,1,18,0,0
2013-2014,HK02,0,10102,DHCQCN2010,DH,CQCN,102,1,160.0,145,66,0,0,64,0,2
2013-2014,HK02,0,10102CLC,DHCQCN2010,DH,CQCN,102,1,43.0,38,19,0,3,16,0,0
2013-2014,HK02,0,10103,DHCQCN2010,DH,CQCN,103,1,172.0,152,75,0,1,73,0,1
2013-2014,HK02,0,10103CLC,DHCQCN2010,DH,CQCN,103,1,72.0,65,34,0,1,33,0,0
2013-2014,HK02,0,10104,DHCQCN2010,DH,CQCN,104,1,51.0,46,16,0,1,15,0,0
2013-2014,HK02,0,10105,DHCQCN2010,DH,CQCN,105,1,149.0,137,61,0,1,60,0,0
2013-2014,HK02,0,10105CLC,DHCQCN2010,DH,CQCN,105,1,38.0,34,16,0,1,15,0,0
2013-2014,HK02,0,10106,DHCQCN2010,DH,CQCN,106,1,24.0,16,3,0,0,3,0,0
2013-2014,HK02,0,10107,DHCQCN2010,DH,CQCN,107,1,25.0,18,9,0,0,9,0,0
2013-2014,HK02,0,10108,DHCQCN2010,DH,CQCN,108,1,49.0,47,41,0,0,38,0,3
2013-2014,HK02,0,10108CLC,DHCQCN2010,DH,CQCN,108,1,10.0,8,6,0,0,6,0,0
2013-2014,HK02,0,10109,DHCQCN2010,DH,CQCN,109,1,63.0,58,47,0,1,46,0,0
2013-2014,HK02,0,10110,DHCQCN2010,DH,CQCN,110,1,134.0,118,46,0,2,43,0,1
2013-2014,HK02,0,10110CLC,DHCQCN2010,DH,CQCN,110,1,40.0,34,19,0,0,19,0,0
2013-2014,HK02,0,10111,DHCQCN2010,DH,CQCN,111,1,88.0,82,25,0,1,24,0,0
2013-2014,HK02,0,10111CLC,DHCQCN2010,DH,CQCN,111,1,34.0,30,15,0,2,13,0,0
2013-2014,HK02,0,10112,DHCQCN2010,DH,CQCN,112,1,102.0,90,40,0,1,39,0,0
2013-2014,HK02,0,10112CLC,DHCQCN2010,DH,CQCN,112,1,45.0,42,27,0,1,26,0,0
2013-2014,HK02,0,10113,DHCQCN2010,DH,CQCN,113,1,76.0,47,35,0,0,35,0,0
2013-2014,HK02,0,10114,DHCQCN2010,DH,CQCN,114,1,178.0,164,111,0,9,100,0,2
2013-2014,HK02,0,10114CLC,DHCQCN2010,DH,CQCN,114,1,18.0,18,12,0,1,11,0,0
2013-2014,HK02,0,10115,DHCQCN2010,DH,CQCN,115,1,80.0,71,52,0,1,50,0,1
2013-2014,HK02,0,10116,DHCQCN2010,DH,CQCN,116,1,84.0,83,75,0,6,69,0,0
2013-2014,HK02,0,10117,DHCQCN2010,DH,CQCN,117,1,84.0,77,26,0,0,26,0,0
2013-2014,HK02,0,10118,DHCQCN2010,DH,CQCN,118,1,67.0,55,13,0,0,13,0,0
2013-2014,HK02,0,10118CLC,DHCQCN2010,DH,CQCN,118,1,38.0,38,16,0,3,13,0,0
2013-2014,HK02,0,10119,DHCQCN2010,DH,CQCN,119,1,64.0,49,8,0,0,8,0,0
2013-2014,HK02,0,10119CLC,DHCQCN2010,DH,CQCN,119,1,24.0,21,5,0,0,5,0,0
2013-2014,HK02,0,10120,DHCQCN2010,DH,CQCN,120,1,72.0,69,48,0,1,46,0,1
2013-2014,HK02,0,10121,DHCQCN2010,DH,CQCN,121,1,28.0,23,19,0,1,18,0,0
2013-2014,HK02,0,10123,DHCQCN2010,DH,CQCN,123,1,38.0,35,19,0,6,13,0,0
2013-2014,HK02,0,10124,DHCQCN2010,DH,CQCN,124,1,136.0,131,104,0,2,99,0,3
2013-2014,HK02,0,10125,DHCQCN2010,DH,CQCN,125,1,94.0,90,74,0,11,63,0,0
2013-2014,HK02,0,10125CLC,DHCQCN2010,DH,CQCN,125,1,19.0,18,16,0,4,12,0,0
2013-2014,HK02,1,05104BD,DHCQDP2005,DH,CQDP,104,Kéo dài,,1,1,0,0,0,0,1
2013-2014,HK02,1,07101BD,DHCQDP2007,DH,CQDP,101,Kéo dài,,2,0,0,0,0,0,0
2013-2014,HK02,1,07101LD,DHCQDP2007,DH,CQDP,101,Kéo dài,,15,4,0,0,0,0,4
2013-2014,HK02,1,07102LD,DHCQDP2007,DH,CQDP,102,Kéo dài,,11,5,0,0,0,0,5
2013-2014,HK02,1,07104VT,DHCQDP2007,DH,CQDP,104,Kéo dài,,2,0,0,0,0,0,0
2013-2014,HK02,1,07117BD,DHCQDP2007,DH,CQDP,117,Kéo dài,,6,1,0,0,0,0,1
2013-2014,HK02,1,7201,DHCQKCN2007,DH,CQKCN,201,Kéo dài,,2,0,0,0,0,0,0
2013-2014,HK02,1,7202,DHCQKCN2007,DH,CQKCN,202,Kéo dài,,3,1,0,0,0,0,1
2013-2014,HK02,1,7203,DHCQKCN2007,DH,CQKCN,203,Kéo dài,,2,0,0,0,0,0,0
2013-2014,HK02,1,7205,DHCQKCN2007,DH,CQKCN,205,Kéo dài,,2,0,0,0,0,0,0
2013-2014,HK02,1,7702,CDCQCN2007,CD,CQCN,702,Kéo dài,,1,0,0,0,0,0,0
2013-2014,HK02,1,8201,DHCQKCN2008,DH,CQKCN,201,Kéo dài,,5,0,0,0,0,0,0
2013-2014,HK02,1,8202,DHCQKCN2008,DH,CQKCN,202,Kéo dài,,3,2,0,0,1,0,1
2013-2014,HK02,1,8203,DHCQKCN2008,DH,CQKCN,203,Kéo dài,,4,1,0,0,0,0,1
2013-2014,HK02,1,8205,DHCQKCN2008,DH,CQKCN,205,Kéo dài,,5,2,0,0,1,0,1
2013-2014,HK02,1,8209,DHCQKCN2008,DH,CQKCN,209,Kéo dài,,1,0,0,0,0,0,0
2013-2014,HK02,1,8213,DHCQKCN2008,DH,CQKCN,213,Kéo dài,,4,0,0,0,0,0,0
2013-2014,HK02,1,8701,CDCQCN2008,CD,CQCN,701,Kéo dài,,12,2,0,0,0,0,2
2013-2014,HK02,1,8702,CDCQCN2008,CD,CQCN,702,Kéo dài,,4,0,0,0,0,0,0
2013-2014,HK02,1,8703,CDCQCN2008,CD,CQCN,703,Kéo dài,,19,2,0,0,0,0,2
2013-2014,HK02,1,8705,CDCQCN2008,CD,CQCN,705,Kéo dài,,13,3,0,0,0,0,3
2013-2014,HK02,1,08902LD,DHGV2008,DH,GV,902,Kéo dài,,20,5,0,0,0,0,5
2013-2014,HK02,1,8905,DHGV2008,DH,GV,905,Kéo dài,,4,0,0,0,0,0,0
2013-2014,HK02,1,8910,DHGV2008,DH,GV,910,Kéo dài,,6,1,0,0,0,0,1
2013-2014,HK02,1,8911,DHGV2008,DH,GV,911,Kéo dài,,2,1,0,0,1,0,0
2013-2014,HK02,1,8912,DHGV2008,DH,GV,912,Kéo dài,,6,1,0,0,1,0,0
2013-2014,HK02,1,08917LD,DHGV2008,DH,GV,917,Kéo dài,,26,10,0,0,0,0,10
2013-2014,HK02,1,9201,DHCQKCN2009,DH,CQKCN,201,Kéo dài,,29,5,0,0,0,0,5
2013-2014,HK01,1,2102,DHCQCN2002,DH,CQCN,102,Kéo dài,,1,0,0,0,0,0,0
2013-2014,HK01,1,2103,DHCQCN2002,DH,CQCN,103,Kéo dài,,1,0,0,0,0,0,0
2013-2014,HK01,1,2108,DHCQCN2002,DH,CQCN,108,Kéo dài,,1,0,0,0,0,0,0
2013-2014,HK01,1,2109,DHCQCN2002,DH,CQCN,109,Kéo dài,,1,0,0,0,0,0,0
2013-2014,HK01,1,3101,DHCQCN2002,DH,CQCN,101,Kéo dài,,3,0,0,0,0,0,0
2013-2014,HK01,1,3102,DHCQCN2002,DH,CQCN,102,Kéo dài,,3,1,0,0,0,0,1
2013-2014,HK01,1,3113,DHCQCN2002,DH,CQCN,113,Kéo dài,,1,0,0,0,0,0,0
2013-2014,HK01,1,4104,DHCQCN2002,DH,CQCN,104,Kéo dài,,1,0,0,0,0,0,0
2013-2014,HK01,1,5101,DHCQCN2002,DH,CQCN,101,Kéo dài,,1,0,0,0,0,0,0
2013-2014,HK01,1,05104BD,DHCQDP2006,DH,CQDP,104,Kéo dài,,1,0,0,0,0,0,0
2013-2014,HK01,1,05104CTU,DHCQCN2002,DH,CQCN,104,Kéo dài,,4,1,0,0,0,0,1
2013-2014,HK01,1,5107,DHCQCN2002,DH,CQCN,107,Kéo dài,,1,0,0,0,0,0,0
2013-2014,HK01,1,5110,DHCQCN2002,DH,CQCN,110,Kéo dài,,1,0,0,0,0,0,0
2013-2014,HK01,1,5121,DHCQCN2002,DH,CQCN,121,Kéo dài,,1,0,0,0,0,0,0
2013-2014,HK01,1,6101,DHCQCN2002,DH,CQCN,101,Kéo dài,,8,1,0,0,0,0,1
2013-2014,HK01,1,06101LD,DHCQDP2006,DH,CQDP,101,Kéo dài,,3,0,0,0,0,0,0
2013-2014,HK01,1,6102,DHCQCN2002,DH,CQCN,102,Kéo dài,,4,1,0,0,0,0,1
2013-2014,HK01,1,06102CLC,DHCQCN2002,DH,CQCN,102,Kéo dài,,2,0,0,0,0,0,0
2013-2014,HK01,1,06102CTU,DHCQCN2002,DH,CQCN,102,Kéo dài,,2,0,0,0,0,0,0
2013-2014,HK01,1,06102VT,DHCQDP2006,DH,CQDP,102,Kéo dài,,4,0,0,0,0,0,0
2013-2014,HK01,1,6103,DHCQCN2002,DH,CQCN,103,Kéo dài,,7,0,0,0,0,0,0
2013-2014,HK01,1,6104,DHCQCN2002,DH,CQCN,104,Kéo dài,,2,0,0,0,0,0,0
2013-2014,HK01,1,6105,DHCQCN2002,DH,CQCN,105,Kéo dài,,14,1,0,0,0,0,1
2013-2014,HK01,1,6106,DHCQCN2002,DH,CQCN,106,Kéo dài,,4,1,0,0,0,0,1
2013-2014,HK01,1,6107,DHCQCN2002,DH,CQCN,107,Kéo dài,,1,1,0,0,0,0,1
2013-2014,HK01,1,6110,DHCQCN2002,DH,CQCN,110,Kéo dài,,5,0,0,0,0,0,0
2013-2014,HK01,1,06110CLC,DHCQCN2002,DH,CQCN,110,Kéo dài,,1,0,0,0,0,0,0
2013-2014,HK01,1,6111,DHCQCN2002,DH,CQCN,111,Kéo dài,,6,0,0,0,0,0,0
2013-2014,HK01,1,6112,DHCQCN2002,DH,CQCN,112,Kéo dài,,7,1,0,0,0,0,1
2013-2014,HK01,1,6113,DHCQCN2002,DH,CQCN,113,Kéo dài,,1,0,0,0,0,0,0
2013-2014,HK01,1,6114,DHCQCN2002,DH,CQCN,114,Kéo dài,,2,1,0,0,0,0,1
2013-2014,HK01,1,6116,DHCQCN2002,DH,CQCN,116,Kéo dài,,1,1,0,0,0,0,1
2013-2014,HK01,1,6117,DHCQCN2002,DH,CQCN,117,Kéo dài,,3,0,0,0,0,0,0
2013-2014,HK01,1,6124,DHCQCN2002,DH,CQCN,124,Kéo dài,,1,0,0,0,0,0,0
2013-2014,HK01,1,7101,DHCQCN2002,DH,CQCN,101,Kéo dài,,12,1,0,0,1,0,0
2013-2014,HK01,1,07101BD,DHCQDP2006,DH,CQDP,101,Kéo dài,,3,1,0,0,0,0,1
2013-2014,HK01,1,07101LD,DHCQDP2006,DH,CQDP,101,Kéo dài,,17,2,0,0,1,0,1
2013-2014,HK01,1,7102,DHCQCN2002,DH,CQCN,102,Kéo dài,,26,5,0,0,1,0,4
2013-2014,HK01,1,07102CLC,DHCQCN2002,DH,CQCN,102,Kéo dài,,3,1,0,0,0,0,1
2013-2014,HK01,1,07102LD,DHCQDP2006,DH,CQDP,102,Kéo dài,,15,4,0,0,0,0,4
2013-2014,HK01,1,7103,DHCQCN2002,DH,CQCN,103,Kéo dài,,19,6,0,0,2,0,4
2013-2014,HK01,1,7104,DHCQCN2002,DH,CQCN,104,Kéo dài,,13,4,0,0,0,0,4
2013-2014,HK01,1,07104CTU,DHCQCN2002,DH,CQCN,104,Kéo dài,,8,1,0,0,0,0,1
2013-2014,HK01,1,07104VT,DHCQDP2006,DH,CQDP,104,Kéo dài,,2,0,0,0,0,0,0
2013-2014,HK01,1,7105,DHCQCN2002,DH,CQCN,105,Kéo dài,,16,6,0,0,0,0,6
2013-2014,HK01,1,07105CLC,DHCQCN2002,DH,CQCN,105,Kéo dài,,1,1,0,0,0,0,1
2013-2014,HK01,1,7106,DHCQCN2002,DH,CQCN,106,Kéo dài,,12,1,0,0,0,0,1
2013-2014,HK01,1,7107,DHCQCN2002,DH,CQCN,107,Kéo dài,,3,0,0,0,0,0,0
2013-2014,HK01,1,7108,DHCQCN2002,DH,CQCN,108,Kéo dài,,6,3,0,0,2,0,1
2013-2014,HK01,1,7109,DHCQCN2002,DH,CQCN,109,Kéo dài,,2,2,0,0,2,0,0
2013-2014,HK01,1,7110,DHCQCN2002,DH,CQCN,110,Kéo dài,,12,3,0,0,0,0,3
2013-2014,HK01,1,07110CLC,DHCQCN2002,DH,CQCN,110,Kéo dài,,3,1,0,0,0,0,1
2013-2014,HK01,1,7111,DHCQCN2002,DH,CQCN,111,Kéo dài,,13,2,0,0,2,0,0
2013-2014,HK01,1,07111CLC,DHCQCN2002,DH,CQCN,111,Kéo dài,,1,0,0,0,0,0,0
2013-2014,HK01,1,7112,DHCQCN2002,DH,CQCN,112,Kéo dài,,6,1,0,0,0,0,1
2013-2014,HK01,1,07112CLC,DHCQCN2002,DH,CQCN,112,Kéo dài,,1,0,0,0,0,0,0
2013-2014,HK01,1,7113,DHCQCN2002,DH,CQCN,113,Kéo dài,,15,0,0,0,0,0,0
2013-2014,HK01,1,7114,DHCQCN2002,DH,CQCN,114,Kéo dài,,12,4,0,0,1,0,3
2013-2014,HK01,1,7115,DHCQCN2002,DH,CQCN,115,Kéo dài,,5,1,0,0,0,0,1
2013-2014,HK01,1,7116,DHCQCN2002,DH,CQCN,116,Kéo dài,,1,0,0,0,0,0,0
2013-2014,HK01,1,7117,DHCQCN2002,DH,CQCN,117,Kéo dài,,8,0,0,0,0,0,0
2013-2014,HK01,1,07117BD,DHCQDP2006,DH,CQDP,117,Kéo dài,,6,0,0,0,0,0,0
2013-2014,HK01,1,7118,DHCQCN2002,DH,CQCN,118,Kéo dài,,10,6,0,0,3,0,3
2013-2014,HK01,1,7119,DHCQCN2002,DH,CQCN,119,Kéo dài,,11,0,0,0,0,0,0
2013-2014,HK01,1,7124,DHCQCN2002,DH,CQCN,124,Kéo dài,,5,0,0,0,0,0,0
2013-2014,HK01,1,7125,DHCQCN2002,DH,CQCN,125,Kéo dài,,2,0,0,0,0,0,0
2013-2014,HK01,1,7201,DHCQKCN2007,DH,CQKCN,201,Kéo dài,,2,0,0,0,0,0,0
2013-2014,HK01,1,7202,DHCQKCN2007,DH,CQKCN,202,Kéo dài,,3,0,0,0,0,0,0
2013-2014,HK01,1,7203,DHCQKCN2007,DH,CQKCN,203,Kéo dài,,3,1,0,0,0,0,1
2013-2014,HK01,1,7205,DHCQKCN2007,DH,CQKCN,205,Kéo dài,,4,2,0,0,0,0,2
2013-2014,HK01,1,7701,CDCQCN2013,CD,CQCN,701,Kéo dài,,1,1,0,0,0,0,1
2013-2014,HK01,1,7702,CDCQCN2013,CD,CQCN,702,Kéo dài,,1,0,0,0,0,0,0
2013-2014,HK01,1,8101,DHCQCN2002,DH,CQCN,101,Kéo dài,,24,8,0,0,8,0,0
2013-2014,HK01,1,08101CLC,DHCQCN2002,DH,CQCN,101,Kéo dài,,3,0,0,0,0,0,0
2015-2016,HK02,0,CKD13B,CHCQ2013,CH,CQ,60520116,Kéo dài,,21,0,0,0,0,0,0
2015-2016,HK02,0,GDH13B,CHCQ2013,CH,CQ,60140101,Kéo dài,,48,0,0,0,0,0,0
2015-2016,HK02,0,KDD13B,CHCQ2013,CH,CQ,60520202,Kéo dài,,40,0,0,0,0,0,0
2015-2016,HK02,0,KDT13B,CHCQ2013,CH,CQ,60520203,Kéo dài,,25,0,0,0,0,0,0
2015-2016,HK02,0,LLP13B,CHCQ2013,CH,CQ,60140110,Kéo dài,,5,0,0,0,0,0,0
2015-2016,HK02,0,XDC13B,CHCQ2013,CH,CQ,60580208,Kéo dài,,9,0,0,0,0,0,0
2015-2016,HK02,3,3101,DHCQCN2003,DH,CQCN,101,Kéo dài,,3,1,0,0,0,0,1
2015-2016,HK02,3,3102,DHCQCN2003,DH,CQCN,102,Kéo dài,,1,0,0,0,0,0,0
2015-2016,HK02,3,4104,DHCQCN2003,DH,CQCN,104,Kéo dài,,1,0,0,0,0,0,0
2015-2016,HK02,3,5101,DHCQCN2003,DH,CQCN,101,Kéo dài,,1,0,0,0,0,0,0
2015-2016,HK02,3,05104CTU,DHCQCN2003,DH,CQCN,104,Kéo dài,,1,0,0,0,0,0,0
2015-2016,HK02,3,5121,DHCQCN2003,DH,CQCN,121,Kéo dài,,1,0,0,0,0,0,0
2015-2016,HK02,3,6101,DHCQCN2003,DH,CQCN,101,Kéo dài,,3,0,0,0,0,0,0
2015-2016,HK02,3,6102,DHCQCN2003,DH,CQCN,102,Kéo dài,,2,0,0,0,0,0,0
2015-2016,HK02,3,06102BD,DHCQDP2006,DH,CQDP,102,Kéo dài,,1,0,0,0,0,0,0
2015-2016,HK02,3,06102CLC,DHCQCN2003,DH,CQCN,102,Kéo dài,,1,0,0,0,0,0,0
2015-2016,HK02,3,06102CTU,DHCQCN2003,DH,CQCN,102,Kéo dài,,2,0,0,0,0,0,0
2015-2016,HK02,3,06102VT,DHCQDP2006,DH,CQDP,102,Kéo dài,,2,0,0,0,0,0,0
2015-2016,HK02,3,6104,DHCQCN2003,DH,CQCN,104,Kéo dài,,2,0,0,0,0,0,0
2015-2016,HK02,3,6105,DHCQCN2003,DH,CQCN,105,Kéo dài,,4,1,0,0,0,0,1
2015-2016,HK02,3,6106,DHCQCN2003,DH,CQCN,106,Kéo dài,,1,0,0,0,0,0,0
2015-2016,HK02,3,6110,DHCQCN2003,DH,CQCN,110,Kéo dài,,1,0,0,0,0,0,0
2015-2016,HK02,3,6111,DHCQCN2003,DH,CQCN,111,Kéo dài,,2,0,0,0,0,0,0
2015-2016,HK02,3,6112,DHCQCN2003,DH,CQCN,112,Kéo dài,,3,0,0,0,0,0,0
2015-2016,HK02,3,6114,DHCQCN2003,DH,CQCN,114,Kéo dài,,1,0,0,0,0,0,0
2015-2016,HK02,3,6117,DHCQCN2003,DH,CQCN,117,Kéo dài,,2,0,0,0,0,0,0
2015-2016,HK02,3,7101,DHCQCN2007,DH,CQCN,101,Kéo dài,,4,2,0,0,0,0,2
2015-2016,HK02,3,07101LD,DHCQDP2007,DH,CQDP,101,Kéo dài,,4,0,0,0,0,0,0
2015-2016,HK02,3,7102,DHCQCN2007,DH,CQCN,102,Kéo dài,,7,2,0,0,0,0,2
2015-2016,HK02,3,07102LD,DHCQDP2007,DH,CQDP,102,Kéo dài,,1,1,0,0,0,0,1
2015-2016,HK02,3,7103,DHCQCN2007,DH,CQCN,103,Kéo dài,,4,0,0,0,0,0,0
2015-2016,HK02,3,7104,DHCQCN2007,DH,CQCN,104,Kéo dài,,2,0,0,0,0,0,0
2015-2016,HK02,3,07104CTU,DHCQCN2007,DH,CQCN,104,Kéo dài,,2,0,0,0,0,0,0
2015-2016,HK02,3,7105,DHCQCN2007,DH,CQCN,105,Kéo dài,,1,0,0,0,0,0,0
2015-2016,HK02,3,7106,DHCQCN2007,DH,CQCN,106,Kéo dài,,2,0,0,0,0,0,0
2015-2016,HK02,3,7108,DHCQCN2007,DH,CQCN,108,Kéo dài,,3,0,0,0,0,0,0
2015-2016,HK02,3,7110,DHCQCN2007,DH,CQCN,110,Kéo dài,,3,0,0,0,0,0,0
2015-2016,HK02,3,7111,DHCQCN2007,DH,CQCN,111,Kéo dài,,3,0,0,0,0,0,0
2015-2016,HK02,3,7112,DHCQCN2007,DH,CQCN,112,Kéo dài,,1,0,0,0,0,0,0
2015-2016,HK02,3,7113,DHCQCN2007,DH,CQCN,113,Kéo dài,,6,1,0,0,0,0,1
2015-2016,HK02,3,7114,DHCQCN2007,DH,CQCN,114,Kéo dài,,2,0,0,0,0,0,0
2015-2016,HK02,3,7117,DHCQCN2007,DH,CQCN,117,Kéo dài,,1,0,0,0,0,0,0
2015-2016,HK02,3,07117BD,DHCQDP2007,DH,CQDP,117,Kéo dài,,4,1,0,0,0,0,1
2015-2016,HK02,3,7119,DHCQCN2007,DH,CQCN,119,Kéo dài,,4,0,0,0,0,0,0
2015-2016,HK02,3,7124,DHCQCN2007,DH,CQCN,124,Kéo dài,,1,0,0,0,0,0,0
2015-2016,HK02,3,7202,DHCQKCN2007,DH,CQKCN,202,Kéo dài,,2,0,0,0,0,0,0
2015-2016,HK02,3,7702,CDCQCN2007,CD,CQCN,702,Kéo dài,,1,0,0,0,0,0,0
2015-2016,HK02,3,8101,DHCQCN2008,DH,CQCN,101,Kéo dài,,3,1,0,0,0,0,1
2015-2016,HK02,3,8102,DHCQCN2008,DH,CQCN,102,Kéo dài,,7,1,0,0,0,0,1
2015-2016,HK02,3,08102CTU,DHCQCN2008,DH,CQCN,102,Kéo dài,,1,0,0,0,0,0,0
2015-2016,HK02,3,8103,DHCQCN2008,DH,CQCN,103,Kéo dài,,7,2,0,0,1,0,1
2015-2016,HK02,3,8104,DHCQCN2008,DH,CQCN,104,Kéo dài,,5,0,0,0,0,0,0
2015-2016,HK02,3,8105,DHCQCN2008,DH,CQCN,105,Kéo dài,,3,0,0,0,0,0,0
2015-2016,HK02,3,8107,DHCQCN2008,DH,CQCN,107,Kéo dài,,1,0,0,0,0,0,0
2015-2016,HK02,3,8108,DHCQCN2008,DH,CQCN,108,Kéo dài,,2,1,0,0,0,0,1
2015-2016,HK02,3,8109,DHCQCN2008,DH,CQCN,109,Kéo dài,,1,0,0,0,0,0,0
2015-2016,HK02,3,8110,DHCQCN2008,DH,CQCN,110,Kéo dài,,6,0,0,0,0,0,0
2015-2016,HK02,3,08110CLC,DHCQCN2008,DH,CQCN,110,Kéo dài,,2,1,0,0,0,0,1
2015-2016,HK02,3,8111,DHCQCN2008,DH,CQCN,111,Kéo dài,,2,1,0,0,0,0,1
2015-2016,HK02,3,8112,DHCQCN2008,DH,CQCN,112,Kéo dài,,1,1,0,0,0,0,1
2015-2016,HK02,3,08112CLC,DHCQCN2008,DH,CQCN,112,Kéo dài,,1,0,0,0,0,0,0
2015-2016,HK02,3,8114,DHCQCN2008,DH,CQCN,114,Kéo dài,,4,0,0,0,0,0,0
2015-2016,HK02,3,8115,DHCQCN2008,DH,CQCN,115,Kéo dài,,1,1,0,0,1,0,0
2015-2016,HK02,3,8116,DHCQCN2008,DH,CQCN,116,Kéo dài,,2,0,0,0,0,0,0
2015-2016,HK02,3,8117,DHCQCN2008,DH,CQCN,117,Kéo dài,,7,3,0,0,0,0,3
2015-2016,HK02,3,8118,DHCQCN2008,DH,CQCN,118,Kéo dài,,5,0,0,0,0,0,0
2015-2016,HK02,3,8119,DHCQCN2008,DH,CQCN,119,Kéo dài,,1,0,0,0,0,0,0
2015-2016,HK02,3,8123,DHCQCN2008,DH,CQCN,123,Kéo dài,,2,1,0,0,1,0,0
2015-2016,HK02,3,8124,DHCQCN2008,DH,CQCN,124,Kéo dài,,1,0,0,0,0,0,0
2015-2016,HK02,3,8125,DHCQCN2008,DH,CQCN,125,Kéo dài,,2,1,0,0,1,0,0
2015-2016,HK02,3,8201,DHCQKCN2008,DH,CQKCN,201,Kéo dài,,3,0,0,0,0,0,0
2015-2016,HK02,3,8213,DHCQKCN2008,DH,CQKCN,213,Kéo dài,,1,0,0,0,0,0,0
2015-2016,HK02,3,08902LD,DHGV2008,DH,GV,902,Kéo dài,,7,1,0,0,0,0,1
2015-2016,HK02,3,8905,DHGV2008,DH,GV,905,Kéo dài,,1,0,0,0,0,0,0
2015-2016,HK02,3,8910,DHGV2008,DH,GV,910,Kéo dài,,2,0,0,0,0,0,0
2015-2016,HK02,3,8912,DHGV2008,DH,GV,912,Kéo dài,,1,0,0,0,0,0,0
2015-2016,HK02,3,08917LD,DHGV2008,DH,GV,917,Kéo dài,,6,0,0,0,0,0,0
2015-2016,HK02,3,9101,DHCQCN2009,DH,CQCN,101,Kéo dài,,15,1,0,0,0,0,1
2015-2016,HK02,3,09101CLC,DHCQCN2009,DH,CQCN,101,Kéo dài,,1,0,0,0,0,0,0
2015-2016,HK02,3,9102,DHCQCN2009,DH,CQCN,102,Kéo dài,,6,1,0,0,0,0,1
2015-2016,HK02,3,09102CLC,DHCQCN2009,DH,CQCN,102,Kéo dài,,2,0,0,0,0,0,0
2015-2016,HK02,3,9103,DHCQCN2009,DH,CQCN,103,Kéo dài,,5,1,0,0,1,0,0
2015-2016,HK02,3,9104,DHCQCN2009,DH,CQCN,104,Kéo dài,,10,2,0,0,1,0,1
2015-2016,HK02,3,9105,DHCQCN2009,DH,CQCN,105,Kéo dài,,10,2,0,0,0,0,2
2015-2016,HK02,3,09105CLC,DHCQCN2009,DH,CQCN,105,Kéo dài,,1,0,0,0,0,0,0
2015-2016,HK02,3,9106,DHCQCN2009,DH,CQCN,106,Kéo dài,,5,1,0,0,1,0,0
2015-2016,HK02,3,9107,DHCQCN2009,DH,CQCN,107,Kéo dài,,5,1,0,0,0,0,1
2015-2016,HK02,3,9108,DHCQCN2009,DH,CQCN,108,Kéo dài,,3,1,0,0,0,0,1
2015-2016,HK02,3,09108CLC,DHCQCN2009,DH,CQCN,108,Kéo dài,,2,0,0,0,0,0,0
2015-2016,HK02,3,9109,DHCQCN2009,DH,CQCN,109,Kéo dài,,2,0,0,0,0,0,0
2015-2016,HK02,3,9110,DHCQCN2009,DH,CQCN,110,Kéo dài,,9,2,0,0,0,0,2
2015-2016,HK02,3,09110CLC,DHCQCN2009,DH,CQCN,110,Kéo dài,,2,0,0,0,0,0,0
2015-2016,HK02,3,9111,DHCQCN2009,DH,CQCN,111,Kéo dài,,8,4,0,0,4,0,0
2015-2016,HK02,3,9112,DHCQCN2009,DH,CQCN,112,Kéo dài,,5,0,0,0,0,0,0
2015-2016,HK02,3,09112CLC,DHCQCN2009,DH,CQCN,112,Kéo dài,,6,0,0,0,0,0,0
2015-2016,HK02,3,9113,DHCQCN2009,DH,CQCN,113,Kéo dài,,7,0,0,0,0,0,0
2015-2016,HK02,3,9114,DHCQCN2009,DH,CQCN,114,Kéo dài,,9,3,0,0,2,0,1
2015-2016,HK02,3,09114CLC,DHCQCN2009,DH,CQCN,114,Kéo dài,,7,1,0,0,0,0,1
2015-2016,HK02,3,9115,DHCQCN2009,DH,CQCN,115,Kéo dài,,2,0,0,0,0,0,0
2015-2016,HK02,3,9116,DHCQCN2009,DH,CQCN,116,Kéo dài,,1,0,0,0,0,0,0
2015-2016,HK02,3,9117,DHCQCN2009,DH,CQCN,117,Kéo dài,,4,1,0,0,0,0,1
2015-2016,HK02,3,9118,DHCQCN2009,DH,CQCN,118,Kéo dài,,4,1,0,0,0,0,1
2015-2016,HK02,3,09118CLC,DHCQCN2009,DH,CQCN,118,Kéo dài,,5,1,0,0,0,0,1
2015-2016,HK02,3,9119,DHCQCN2009,DH,CQCN,119,Kéo dài,,9,3,0,0,0,0,3
2015-2016,HK02,3,09119CLC,DHCQCN2009,DH,CQCN,119,Kéo dài,,2,0,0,0,0,0,0
2015-2016,HK02,3,9120,DHCQCN2009,DH,CQCN,120,Kéo dài,,1,0,0,0,0,0,0
2015-2016,HK02,3,9123,DHCQCN2009,DH,CQCN,123,Kéo dài,,6,0,0,0,0,0,0
2015-2016,HK02,3,9124,DHCQCN2009,DH,CQCN,124,Kéo dài,,7,0,0,0,0,0,0
2015-2016,HK02,3,9201,DHCQKCN2009,DH,CQKCN,201,Kéo dài,,8,1,0,0,0,0,1
2015-2016,HK02,3,9202,DHCQKCN2009,DH,CQKCN,202,Kéo dài,,3,1,0,0,0,0,1
2015-2016,HK02,3,9203,DHCQKCN2009,DH,CQKCN,203,Kéo dài,,6,0,0,0,0,0,0
2015-2016,HK02,3,9205,DHCQKCN2009,DH,CQKCN,205,Kéo dài,,2,0,0,0,0,0,0
2015-2016,HK02,3,9701,CDCQCN2007,CD,CQCN,701,Kéo dài,,5,1,0,0,0,0,1
2015-2016,HK02,3,9702,CDCQCN2007,CD,CQCN,702,Kéo dài,,4,0,0,0,0,0,0
2015-2016,HK02,3,9703,CDCQCN2007,CD,CQCN,703,Kéo dài,,7,0,0,0,0,0,0
2015-2016,HK02,3,9705,CDCQCN2007,CD,CQCN,705,Kéo dài,,1,0,0,0,0,0,0
2015-2016,HK02,3,9709,CDCQCN2007,CD,CQCN,709,Kéo dài,,2,0,0,0,0,0,0
2015-2016,HK02,3,9901,DHGV2009,DH,GV,901,Kéo dài,,5,3,0,0,2,0,1
2015-2016,HK02,3,9902,DHGV2009,DH,GV,902,Kéo dài,,2,0,0,0,0,0,0
2015-2016,HK02,3,09902CTU,DHGV2009,DH,GV,902,Kéo dài,,10,7,0,0,0,0,7
2015-2016,HK02,3,9903,DHGV2009,DH,GV,903,Kéo dài,,4,1,0,0,1,0,0
2015-2016,HK02,3,9904,DHGV2009,DH,GV,904,Kéo dài,,4,0,0,0,0,0,0
2015-2016,HK02,3,9905,DHGV2009,DH,GV,905,Kéo dài,,1,1,0,0,1,0,0
2015-2016,HK02,3,9910,DHGV2009,DH,GV,910,Kéo dài,,4,0,0,0,0,0,0
2015-2016,HK02,3,9911,DHGV2009,DH,GV,911,Kéo dài,,6,3,0,0,1,0,2
2015-2016,HK02,3,9913,DHGV2009,DH,GV,913,Kéo dài,,3,2,0,0,1,0,1
2015-2016,HK02,3,09914LD,DHGV2009,DH,GV,914,Kéo dài,,5,0,0,0,0,0,0
2015-2016,HK02,3,09917LD,DHGV2009,DH,GV,917,Kéo dài,,6,0,0,0,0,0,0
2015-2016,HK02,3,10101,DHCQCN2010,DH,CQCN,101,Kéo dài,,23,9,0,0,4,0,5
2015-2016,HK02,3,10101CLC,DHCQCN2010,DH,CQCN,101,Kéo dài,,3,1,0,0,0,0,1
2015-2016,HK02,3,10102,DHCQCN2010,DH,CQCN,102,Kéo dài,,14,4,0,0,2,0,2
2015-2016,HK02,3,10102CLC,DHCQCN2010,DH,CQCN,102,Kéo dài,,7,3,0,0,2,0,1
2015-2016,HK02,3,10103,DHCQCN2010,DH,CQCN,103,Kéo dài,,19,3,0,0,1,0,2
2015-2016,HK02,3,10103CLC,DHCQCN2010,DH,CQCN,103,Kéo dài,,7,3,0,0,2,0,1
2015-2016,HK02,3,10104,DHCQCN2010,DH,CQCN,104,Kéo dài,,7,1,0,0,0,0,1
2015-2016,HK02,3,10105,DHCQCN2010,DH,CQCN,105,Kéo dài,,26,7,0,0,3,0,4
2015-2016,HK02,3,10105CLC,DHCQCN2010,DH,CQCN,105,Kéo dài,,10,5,0,0,5,0,0
2015-2016,HK02,3,10106,DHCQCN2010,DH,CQCN,106,Kéo dài,,1,0,0,0,0,0,0
2015-2016,HK02,3,10107,DHCQCN2010,DH,CQCN,107,Kéo dài,,2,0,0,0,0,0,0
2015-2016,HK02,3,10108CLC,DHCQCN2010,DH,CQCN,108,Kéo dài,,1,0,0,0,0,0,0
2015-2016,HK02,3,10109,DHCQCN2010,DH,CQCN,109,Kéo dài,,1,0,0,0,0,0,0
2015-2016,HK02,3,10110,DHCQCN2010,DH,CQCN,110,Kéo dài,,29,8,0,0,4,0,4
2015-2016,HK02,3,10110CLC,DHCQCN2010,DH,CQCN,110,Kéo dài,,1,0,0,0,0,0,0
2015-2016,HK02,3,10111,DHCQCN2010,DH,CQCN,111,Kéo dài,,16,3,0,0,3,0,0
2015-2016,HK02,3,10111CLC,DHCQCN2010,DH,CQCN,111,Kéo dài,,1,0,0,0,0,0,0
2015-2016,HK02,3,10112,DHCQCN2010,DH,CQCN,112,Kéo dài,,12,3,0,0,1,0,2
2015-2016,HK02,3,10112CLC,DHCQCN2010,DH,CQCN,112,Kéo dài,,6,2,0,0,2,0,0
2015-2016,HK02,3,10113,DHCQCN2010,DH,CQCN,113,Kéo dài,,5,2,0,0,1,0,1
2015-2016,HK02,3,10114,DHCQCN2010,DH,CQCN,114,Kéo dài,,23,3,0,0,1,0,2
2015-2016,HK02,3,10114CLC,DHCQCN2010,DH,CQCN,114,Kéo dài,,2,0,0,0,0,0,0
2015-2016,HK02,3,10115,DHCQCN2010,DH,CQCN,115,Kéo dài,,7,4,0,0,1,0,3
2015-2016,HK02,3,10116,DHCQCN2010,DH,CQCN,116,Kéo dài,,6,2,0,0,2,0,0
2015-2016,HK02,3,10117,DHCQCN2010,DH,CQCN,117,Kéo dài,,13,2,0,0,1,0,1
2015-2016,HK02,3,10118,DHCQCN2010,DH,CQCN,118,Kéo dài,,14,6,0,0,1,0,5
2015-2016,HK02,3,10118CLC,DHCQCN2010,DH,CQCN,118,Kéo dài,,2,0,0,0,0,0,0
2015-2016,HK02,3,10119,DHCQCN2010,DH,CQCN,119,Kéo dài,,26,4,0,0,1,0,3
2015-2016,HK02,3,10119CLC,DHCQCN2010,DH,CQCN,119,Kéo dài,,9,1,0,0,0,0,1
2015-2016,HK02,3,10120,DHCQCN2010,DH,CQCN,120,Kéo dài,,5,1,0,0,1,0,0
2015-2016,HK02,3,10121,DHCQCN2010,DH,CQCN,121,Kéo dài,,1,0,0,0,0,0,0
2015-2016,HK02,3,10123,DHCQCN2010,DH,CQCN,123,Kéo dài,,5,1,0,0,1,0,0
2015-2016,HK02,3,10124,DHCQCN2010,DH,CQCN,124,Kéo dài,,8,0,0,0,0,0,0
2015-2016,HK02,3,10125,DHCQCN2010,DH,CQCN,125,Kéo dài,,4,2,0,0,1,0,1
2015-2016,HK02,3,10201,DHCQKCN2010,DH,CQKCN,201,Kéo dài,,7,2,0,0,0,0,2
2015-2016,HK02,3,10202,DHCQKCN2010,DH,CQKCN,202,Kéo dài,,20,7,0,0,0,0,7
2015-2016,HK02,3,10203,DHCQKCN2010,DH,CQKCN,203,Kéo dài,,12,2,0,0,1,0,1
2015-2016,HK02,3,10205,DHCQKCN2010,DH,CQKCN,205,Kéo dài,,5,3,0,0,1,0,2
2015-2016,HK02,3,10209,DHCQKCN2010,DH,CQKCN,209,Kéo dài,,2,0,0,0,0,0,0
2015-2016,HK02,3,10701,CDCQCN2010,CD,CQCN,701,Kéo dài,,8,3,0,0,1,0,2
2015-2016,HK02,3,10702,CDCQCN2010,CD,CQCN,702,Kéo dài,,7,0,0,0,0,0,0
2015-2016,HK02,3,10703,CDCQCN2010,CD,CQCN,703,Kéo dài,,17,0,0,0,0,0,0
2015-2016,HK02,3,10705,CDCQCN2010,CD,CQCN,705,Kéo dài,,14,4,0,0,3,0,1
2015-2016,HK02,3,10709,CDCQCN2010,CD,CQCN,709,Kéo dài,,2,1,0,0,1,0,0
2015-2016,HK01,9,10110,DHCQCN2010,DH,CQCN,110,Kéo dài,,40,6,0,0,2,0,4
2015-2016,HK01,9,10110CLC,DHCQCN2010,DH,CQCN,110,Kéo dài,,8,3,0,0,3,0,0
2015-2016,HK01,9,10111,DHCQCN2010,DH,CQCN,111,Kéo dài,,26,8,0,0,8,0,0
2015-2016,HK01,9,10111CLC,DHCQCN2010,DH,CQCN,111,Kéo dài,,5,2,0,0,1,0,1
2015-2016,HK01,9,10112,DHCQCN2010,DH,CQCN,112,Kéo dài,,28,10,0,0,8,0,2
2015-2016,HK01,9,10112CLC,DHCQCN2010,DH,CQCN,112,Kéo dài,,8,2,0,0,2,0,0
2015-2016,HK01,9,10113,DHCQCN2010,DH,CQCN,113,Kéo dài,,6,0,0,0,0,0,0
2015-2016,HK01,9,10114,DHCQCN2010,DH,CQCN,114,Kéo dài,,31,6,0,0,6,0,0
2015-2016,HK01,9,10114CLC,DHCQCN2010,DH,CQCN,114,Kéo dài,,3,1,0,0,0,0,1
2015-2016,HK01,9,10115,DHCQCN2010,DH,CQCN,115,Kéo dài,,8,1,0,0,1,0,0
2015-2016,HK01,9,10116,DHCQCN2010,DH,CQCN,116,Kéo dài,,6,0,0,0,0,0,0
2015-2016,HK01,9,10117,DHCQCN2010,DH,CQCN,117,Kéo dài,,29,12,0,0,5,0,7
2015-2016,HK01,9,10118,DHCQCN2010,DH,CQCN,118,Kéo dài,,22,5,0,0,1,0,4
2015-2016,HK01,9,10118CLC,DHCQCN2010,DH,CQCN,118,Kéo dài,,3,1,0,0,0,0,1
2015-2016,HK01,9,10119,DHCQCN2010,DH,CQCN,119,Kéo dài,,36,6,0,0,4,0,2
2015-2016,HK01,9,10119CLC,DHCQCN2010,DH,CQCN,119,Kéo dài,,9,1,0,0,1,0,0
2015-2016,HK01,9,10120,DHCQCN2010,DH,CQCN,120,Kéo dài,,11,4,0,0,1,0,3
2015-2016,HK01,9,10121,DHCQCN2010,DH,CQCN,121,Kéo dài,,3,1,0,0,1,0,0
2015-2016,HK01,9,10123,DHCQCN2010,DH,CQCN,123,Kéo dài,,9,2,0,0,2,0,0
2015-2016,HK01,9,10124,DHCQCN2010,DH,CQCN,124,Kéo dài,,12,3,0,0,2,0,1
2015-2016,HK01,9,10125,DHCQCN2010,DH,CQCN,125,Kéo dài,,6,1,0,0,1,0,0
2015-2016,HK01,9,10201,DHCQKCN2010,DH,CQKCN,201,Kéo dài,,19,11,0,0,4,0,7
2015-2016,HK01,9,10202,DHCQKCN2010,DH,CQKCN,202,Kéo dài,,32,11,0,0,2,0,9
2015-2016,HK01,9,10203,DHCQKCN2010,DH,CQKCN,203,Kéo dài,,29,13,0,0,9,0,4
2015-2016,HK01,9,10205,DHCQKCN2010,DH,CQKCN,205,Kéo dài,,13,5,0,0,3,0,2
2015-2016,HK01,9,10209,DHCQKCN2010,DH,CQKCN,209,Kéo dài,,4,1,0,0,1,0,0
2015-2016,HK01,9,10701,CDCQCN2010,CD,CQCN,701,Kéo dài,,14,2,0,0,1,0,1
2015-2016,HK01,9,10702,CDCQCN2010,CD,CQCN,702,Kéo dài,,9,0,0,0,0,0,0
2015-2016,HK01,9,10703,CDCQCN2010,CD,CQCN,703,Kéo dài,,23,1,0,0,1,0,0
2015-2016,HK01,9,10705,CDCQCN2010,CD,CQCN,705,Kéo dài,,21,2,0,0,0,0,2
2015-2016,HK01,9,10709,CDCQCN2010,CD,CQCN,709,Kéo dài,,5,1,0,0,1,0,0
2015-2016,HK01,9,10901,DHGV2010,DH,GV,901,Kéo dài,,57,13,0,0,13,0,0
2015-2016,HK01,9,10902,DHGV2010,DH,GV,902,Kéo dài,,24,10,0,0,9,0,1
2015-2016,HK01,9,10903,DHGV2010,DH,GV,903,Kéo dài,,36,9,0,0,9,0,0
2015-2016,HK01,9,10904,DHGV2010,DH,GV,904,Kéo dài,,4,3,0,0,3,0,0
2014-2015,HK03,10,13604,DHVLVHCD2013,DH,VLVHCD,604,Kéo dài,,2,0,0,0,0,0,0
2014-2015,HK03,10,13610,DHVLVHCD2013,DH,VLVHCD,610,Kéo dài,,1,0,0,0,0,0,0
2014-2015,HK03,10,13642,DHVLVHCD2013,DH,VLVHCD,642,Kéo dài,,3,1,0,0,0,1,0
2014-2015,HK03,10,13645,DHVLVHCD2013,DH,VLVHCD,645,Kéo dài,,3,0,0,0,0,0,0
2014-2015,HK03,10,13652,DHVLVHCD2013,DH,VLVHCD,652,Kéo dài,,1,0,0,0,0,0,0
2014-2015,HK03,10,13825,DHVLVHCDN2013,DH,VLVHCDN,825,Kéo dài,,55,53,0,2,49,2,0
2014-2015,HK02,3,11743,CDCQCN2011,CD,CQCN,743,Kéo dài,,31,16,0,0,15,0,1
2014-2015,HK02,3,11745,CDCQCN2011,CD,CQCN,745,Kéo dài,,44,18,0,0,17,0,1
2014-2015,HK02,3,11949,DHGV2011,DH,GV,949,Vượt,,46,2,0,1,1,0,0
2014-2015,HK02,3,12341,DHCQCTCN2012,DH,CQCTCN,341,Kéo dài,,20,6,0,0,3,0,3
2014-2015,HK02,3,12342,DHCQCTCN2012,DH,CQCTCN,342,Kéo dài,,25,11,0,0,5,0,6
2014-2015,HK02,3,12343,DHCQCTCN2012,DH,CQCTCN,343,Kéo dài,,20,16,0,0,7,0,9
2014-2015,HK02,3,12345,DHCQCTCN2012,DH,CQCTCN,345,Kéo dài,,6,4,0,0,4,0,0
2014-2015,HK02,3,K13343,DHCQCTCN2013,DH,CQCTCN,343,1,,3,3,0,0,3,0,0
2014-2015,HK02,6,05104CTU,DHCQCN2005,DH,CQCN,104,Kéo dài,,1,1,0,0,0,0,1
2014-2015,HK02,6,6105,DHCQCN2006,DH,CQCN,105,Kéo dài,,1,1,0,0,0,0,1
2014-2015,HK02,6,07104CTU,DHCQCN2007,DH,CQCN,104,Kéo dài,,1,1,0,0,0,0,1
2014-2015,HK02,6,07110CLC,DHCQCN2007,DH,CQCN,110,Kéo dài,,1,1,0,0,0,0,1
2014-2015,HK02,6,7117,DHCQCN2007,DH,CQCN,117,Kéo dài,,1,1,0,0,0,0,1
2014-2015,HK02,6,8101,DHCQCN2008,DH,CQCN,101,Kéo dài,,1,1,0,0,0,0,1
2014-2015,HK02,6,8104,DHCQCN2008,DH,CQCN,104,Kéo dài,,1,1,0,0,0,0,1
2014-2015,HK02,6,08110CLC,DHCQCN2008,DH,CQCN,110,Kéo dài,,1,1,0,0,0,0,1
2014-2015,HK02,6,8118,DHCQCN2008,DH,CQCN,118,Kéo dài,,1,1,0,0,0,0,1
2014-2015,HK02,6,8119,DHCQCN2008,DH,CQCN,119,Kéo dài,,1,1,0,0,0,0,1
2014-2015,HK02,6,9105,DHCQCN2009,DH,CQCN,105,Kéo dài,,1,1,0,0,1,0,0
2014-2015,HK02,6,9201,DHCQKCN2009,DH,CQKCN,201,Kéo dài,,2,1,0,0,0,0,1
2014-2015,HK02,6,9702,CDCQCN2009,CD,CQCN,702,Kéo dài,,1,1,0,0,0,0,1
2014-2015,HK02,6,9905,DHGV2009,DH,GV,905,Kéo dài,,1,1,0,0,1,0,0
2014-2015,HK02,6,10102,DHCQCN2010,DH,CQCN,102,Kéo dài,,1,1,0,0,1,0,0
2014-2015,HK02,6,10103,DHCQCN2010,DH,CQCN,103,Kéo dài,,1,1,0,0,1,0,0
2014-2015,HK02,6,10105,DHCQCN2010,DH,CQCN,105,Kéo dài,,3,3,0,0,3,0,0
2014-2015,HK02,6,10111,DHCQCN2010,DH,CQCN,111,Kéo dài,,2,2,0,0,2,0,0
2014-2015,HK02,6,10114,DHCQCN2010,DH,CQCN,114,Kéo dài,,1,1,0,0,1,0,0
2014-2015,HK02,6,10118,DHCQCN2010,DH,CQCN,118,Kéo dài,,1,1,0,0,1,0,0
2014-2015,HK02,6,10118CLC,DHCQCN2010,DH,CQCN,118,Kéo dài,,3,3,0,0,2,0,1
2014-2015,HK02,6,10202,DHCQKCN2010,DH,CQKCN,202,Kéo dài,,3,3,0,0,1,0,2
2014-2015,HK02,6,10205,DHCQKCN2010,DH,CQKCN,205,Kéo dài,,1,1,0,0,0,0,1
2014-2015,HK02,6,10703,CDCQCN2010,CD,CQCN,703,Kéo dài,,23,0,0,0,0,0,0
2014-2015,HK02,6,10705,CDCQCN2010,CD,CQCN,705,Kéo dài,,20,0,0,0,0,0,0
2014-2015,HK02,6,10709,CDCQCN2010,CD,CQCN,709,Kéo dài,,1,1,0,0,1,0,0
2014-2015,HK02,6,10902,DHGV2010,DH,GV,902,Kéo dài,,1,1,0,0,1,0,0
2014-2015,HK02,6,10904,DHGV2010,DH,GV,904,Kéo dài,,2,2,0,0,2,0,0
2014-2015,HK02,6,10904CTU,DHGV2010,DH,GV,904,Kéo dài,,2,2,0,0,1,0,1
2014-2015,HK02,6,10905,DHGV2010,DH,GV,905,Kéo dài,,35,6,0,0,6,0,0
2014-2015,HK02,6,10913,DHGV2010,DH,GV,913,Kéo dài,,2,2,0,0,2,0,0
2014-2015,HK02,6,10917,DHGV2010,DH,GV,917,Kéo dài,,2,2,0,0,2,0,0
2014-2015,HK02,6,11124,DHCQCN2011,DH,CQCN,124,Vượt,,1,1,0,1,0,0,0
2014-2015,HK02,6,11741,CDCQCN2011,CD,CQCN,741,Kéo dài,,1,1,0,0,0,0,1
2014-2015,HK02,6,11745,CDCQCN2011,CD,CQCN,745,Kéo dài,,2,2,0,0,2,0,0
2014-2015,HK02,6,12341,DHCQCTCN2012,DH,CQCTCN,341,Kéo dài,,3,3,0,0,3,0,0
2014-2015,HK02,7,10401,DHVLVH2010,DH,VLVH,401,Kéo dài,,15,6,0,0,0,6,0
2014-2015,HK02,7,10401(1),DHVLVH2010,DH,VLVH,401,Kéo dài,,2,0,0,0,0,0,0
2014-2015,HK02,7,10402,DHVLVH2010,DH,VLVH,402,Kéo dài,,45,16,0,0,0,16,0
2014-2015,HK02,7,10402(1),DHVLVH2010,DH,VLVH,402,Kéo dài,,1,0,0,0,0,0,0
2014-2015,HK02,7,10403,DHVLVH2010,DH,VLVH,403,Kéo dài,,26,4,0,0,0,4,0
2014-2015,HK02,7,10414,DHVLVH2010,DH,VLVH,414,Kéo dài,,44,21,0,0,2,18,1
2014-2015,HK02,7,10417,DHVLVH2010,DH,VLVH,417,Kéo dài,,4,0,0,0,0,0,0
2014-2015,HK02,7,12842(2),DHVLVHCDN2012,DH,VLVHCDN,842,Kéo dài,,8,1,0,0,0,0,1
2014-2015,HK02,7,12843(2),DHVLVHCDN2012,DH,VLVHCDN,843,Kéo dài,,35,3,0,0,0,3,0
2014-2015,HK02,7,12845(2),DHVLVHCDN2012,DH,VLVHCDN,845,Kéo dài,,23,0,0,0,0,0,0
2014-2015,HK02,7,13604,DHVLVHCD2013,DH,VLVHCD,604,Kéo dài,,4,2,0,0,0,2,0
2014-2015,HK02,7,13610,DHVLVHCD2013,DH,VLVHCD,610,Kéo dài,,1,0,0,0,0,0,0
2014-2015,HK02,7,13642,DHVLVHCD2013,DH,VLVHCD,642,Kéo dài,,3,0,0,0,0,0,0
2014-2015,HK02,7,13645,DHVLVHCD2013,DH,VLVHCD,645,Kéo dài,,3,0,0,0,0,0,0
2015-2016,HK01,9,10904CTU,DHGV2010,DH,GV,904,Kéo dài,,4,2,0,0,2,0,0
2014-2015,HK01,4,13610,DHVLVHCD2013,DH,VLVHCD,610,Kéo dài,,55,54,0,0,7,46,1
2014-2015,HK01,4,13642,DHVLVHCD2013,DH,VLVHCD,642,Kéo dài,,59,56,0,0,9,44,3
2014-2015,HK01,4,13645,DHVLVHCD2013,DH,VLVHCD,645,Kéo dài,,16,13,0,0,6,7,0
2014-2015,HK01,4,13652,DHVLVHCD2013,DH,VLVHCD,652,Kéo dài,,51,50,0,1,44,5,0
2014-2015,HK01,1,08917LD,DHGV2008,DH,GV,917,Kéo dài,,1,1,0,0,0,0,1
2015-2016,HK01,9,10905,DHGV2010,DH,GV,905,Kéo dài,,29,10,0,0,9,0,1
2015-2016,HK01,9,12741,CDCQCN2012,CD,CQCN,741,1,54.0,20,0,0,0,0,0,0
2015-2016,HK01,9,12742,CDCQCN2012,CD,CQCN,742,1,134.0,87,2,0,0,2,0,0
2015-2016,HK01,9,12743,CDCQCN2012,CD,CQCN,743,1,288.0,161,9,0,0,8,0,1
2015-2016,HK01,9,12745,CDCQCN2012,CD,CQCN,745,1,133.0,68,6,0,0,5,0,1
2015-2016,HK01,9,K11141DT,DHCQCN2011,DH,CQCN,141,1,9.0,161,61,0,6,55,0,0
2015-2016,HK01,9,K11141VT,DHCQCN2011,DH,CQCN,141,1,1.0,77,38,0,2,32,0,4
2015-2016,HK01,9,K11941VT,DHGV2011,DH,GV,941,Vượt,,1,1,0,0,1,0,0
2015-2016,HK01,12,7103,DHCQCN2007,DH,CQCN,103,Kéo dài,,1,1,0,0,0,0,1
2015-2016,HK01,12,9103,DHCQCN2009,DH,CQCN,103,Kéo dài,,1,1,0,0,0,0,1
2015-2016,HK01,12,9104,DHCQCN2009,DH,CQCN,104,Kéo dài,,1,1,0,0,0,0,1
2015-2016,HK01,12,9108,DHCQCN2009,DH,CQCN,108,Kéo dài,,1,1,0,0,0,0,1
2015-2016,HK01,12,10119CLC,DHCQCN2010,DH,CQCN,119,Kéo dài,,1,1,0,0,1,0,0
2015-2016,HK01,12,10205,DHCQKCN2010,DH,CQKCN,205,Kéo dài,,1,1,0,0,1,0,0
2015-2016,HK01,12,11104,DHCQCN2011,DH,CQCN,104,Kéo dài,,3,0,0,0,0,0,0
2015-2016,HK01,12,11124,DHCQCN2011,DH,CQCN,124,Kéo dài,,20,12,0,0,8,0,4
2015-2016,HK01,12,11125,DHCQCN2011,DH,CQCN,125,Kéo dài,,6,6,0,0,6,0,0
2015-2016,HK01,12,11146,DHCQCN2011,DH,CQCN,146,Kéo dài,,1,1,0,0,1,0,0
2015-2016,HK01,12,11942,DHGV2011,DH,GV,942,Kéo dài,,2,2,0,0,2,0,0
2015-2016,HK01,12,11950,DHGV2011,DH,GV,950,Kéo dài,,1,1,0,0,1,0,0
2015-2016,HK01,12,12742,CDCQCN2012,CD,CQCN,742,Kéo dài,,3,3,0,0,2,0,1
2015-2016,HK01,12,12743,CDCQCN2012,CD,CQCN,743,Kéo dài,,1,1,0,0,1,0,0
2014-2015,HK02,7,13652,DHVLVHCD2013,DH,VLVHCD,652,Kéo dài,,1,0,0,0,0,0,0
2015-2016,HK02,3,K14343,DHCQCTCN2014,DH,CQCTCN,343,1,3.0,3,0,0,0,0,0,0
2015-2016,HK02,3,10901,DHGV2010,DH,GV,901,Kéo dài,,33,12,0,0,9,0,3
2015-2016,HK02,3,10902,DHGV2010,DH,GV,902,Kéo dài,,12,4,0,0,4,0,0
2015-2016,HK02,3,10903,DHGV2010,DH,GV,903,Kéo dài,,20,8,0,0,8,0,0
2015-2016,HK02,3,10904,DHGV2010,DH,GV,904,Kéo dài,,1,0,0,0,0,0,0
2015-2016,HK02,3,10904CTU,DHGV2010,DH,GV,904,Kéo dài,,2,0,0,0,0,0,0
2015-2016,HK02,3,10905,DHGV2010,DH,GV,905,Kéo dài,,17,8,0,0,7,0,1
2015-2016,HK02,3,10910,DHGV2010,DH,GV,910,Kéo dài,,11,5,0,0,4,0,1
2015-2016,HK02,3,10910LD,DHGV2010,DH,GV,910,Kéo dài,,10,3,0,0,0,0,3
2015-2016,HK02,3,10911,DHGV2010,DH,GV,911,Kéo dài,,21,8,0,0,6,0,2
2015-2016,HK02,3,10913,DHGV2010,DH,GV,913,Kéo dài,,3,0,0,0,0,0,0
2015-2016,HK02,3,10914,DHGV2010,DH,GV,914,Kéo dài,,38,9,0,0,4,0,5
2015-2016,HK02,3,10917,DHGV2010,DH,GV,917,Kéo dài,,18,6,0,0,4,0,2
2015-2016,HK02,3,11104,DHCQCN2011,DH,CQCN,104,Kéo dài,,32,14,0,0,13,0,1
2015-2016,HK02,3,11109,DHCQCN2011,DH,CQCN,109,Kéo dài,,10,3,0,0,3,0,0
2015-2016,HK02,3,11110,DHCQCN2011,DH,CQCN,110,Kéo dài,,45,14,0,0,12,0,2
2015-2016,HK02,3,11110CLC,DHCQCN2011,DH,CQCN,110,Kéo dài,,5,2,0,0,1,0,1
2015-2016,HK02,3,11116,DHCQCN2011,DH,CQCN,116,Kéo dài,,9,3,0,0,3,0,0
2015-2016,HK02,3,11119,DHCQCN2011,DH,CQCN,119,Kéo dài,,32,14,0,0,13,0,1
2015-2016,HK02,3,11119CLC,DHCQCN2011,DH,CQCN,119,Kéo dài,,19,7,0,0,6,0,1
2015-2016,HK02,3,11123,DHCQCN2011,DH,CQCN,123,Kéo dài,,6,2,0,0,2,0,0
2015-2016,HK02,3,11124,DHCQCN2011,DH,CQCN,124,Kéo dài,,5,2,0,0,2,0,0
2015-2016,HK02,3,11125,DHCQCN2011,DH,CQCN,125,Kéo dài,,4,1,0,0,1,0,0
2015-2016,HK02,3,11125CLC,DHCQCN2011,DH,CQCN,125,Kéo dài,,1,1,0,0,1,0,0
2015-2016,HK02,3,11141VTCLC,DHCQCN2011,DH,CQCN,141,Kéo dài,,10,2,0,0,1,0,1
2015-2016,HK02,3,11141ÐTCLC,DHCQCN2011,DH,CQCN,141,Kéo dài,,17,7,0,1,5,0,1
2015-2016,HK02,3,11142,DHCQCN2011,DH,CQCN,142,Kéo dài,,43,28,0,0,23,0,5
2015-2016,HK02,3,11142CLC,DHCQCN2011,DH,CQCN,142,Kéo dài,,14,5,0,0,4,0,1
2015-2016,HK02,3,11143,DHCQCN2011,DH,CQCN,143,Kéo dài,,88,38,0,0,30,0,8
2015-2016,HK02,3,11143CLC,DHCQCN2011,DH,CQCN,143,Kéo dài,,22,10,0,0,10,0,0
2015-2016,HK02,3,11144,DHCQCN2011,DH,CQCN,144,Kéo dài,,34,15,0,0,14,0,1
2015-2016,HK02,3,11144CLC,DHCQCN2011,DH,CQCN,144,Kéo dài,,22,9,0,0,9,0,0
2015-2016,HK02,3,11145,DHCQCN2011,DH,CQCN,145,Kéo dài,,48,17,0,0,17,0,0
2015-2016,HK02,3,11145CLC,DHCQCN2011,DH,CQCN,145,Kéo dài,,13,7,0,0,7,0,0
2015-2016,HK02,3,11146,DHCQCN2011,DH,CQCN,146,Kéo dài,,58,25,0,0,23,0,2
2015-2016,HK02,3,11146CLC,DHCQCN2011,DH,CQCN,146,Kéo dài,,8,5,0,0,5,0,0
2015-2016,HK02,3,11147,DHCQCN2011,DH,CQCN,147,Kéo dài,,30,16,0,0,16,0,0
2015-2016,HK02,3,11147CLC,DHCQCN2011,DH,CQCN,147,Kéo dài,,4,4,0,0,4,0,0
2015-2016,HK02,3,11148,DHCQCN2011,DH,CQCN,148,Kéo dài,,45,37,0,0,35,0,2
2015-2016,HK02,3,11148CLC,DHCQCN2011,DH,CQCN,148,Kéo dài,,4,2,0,0,2,0,0
2015-2016,HK02,3,11149,DHCQCN2011,DH,CQCN,149,Kéo dài,,46,13,0,0,11,0,2
2015-2016,HK02,3,11149CLC,DHCQCN2011,DH,CQCN,149,Kéo dài,,5,3,0,0,3,0,0
2015-2016,HK02,3,11150,DHCQCN2011,DH,CQCN,150,Kéo dài,,13,5,0,0,2,0,3
2015-2016,HK02,3,11150CLC,DHCQCN2011,DH,CQCN,150,Kéo dài,,1,1,0,0,0,0,1
2015-2016,HK02,3,11151,DHCQCN2011,DH,CQCN,151,Kéo dài,,44,15,0,0,13,0,2
2015-2016,HK02,3,11151CLC,DHCQCN2011,DH,CQCN,151,Kéo dài,,29,14,0,0,14,0,0
2015-2016,HK02,3,11152,DHCQCN2011,DH,CQCN,152,Kéo dài,,4,0,0,0,0,0,0
2015-2016,HK02,3,11241,DHCQKCN2011,DH,CQKCN,241,Kéo dài,,19,3,0,0,3,0,0
2015-2016,HK02,3,11242,DHCQKCN2011,DH,CQKCN,242,Kéo dài,,22,10,0,0,3,0,7
2015-2016,HK02,3,11243,DHCQKCN2011,DH,CQKCN,243,Kéo dài,,18,9,0,0,6,0,3
2015-2016,HK02,3,11245,DHCQKCN2011,DH,CQKCN,245,Kéo dài,,20,5,0,0,5,0,0
2015-2016,HK02,3,11247,DHCQKCN2011,DH,CQKCN,247,Kéo dài,,2,0,0,0,0,0,0
2015-2016,HK02,3,11709,CDCQCN2011,CD,CQCN,709,Kéo dài,,9,3,0,0,3,0,0
2015-2016,HK02,3,11741,CDCQCN2011,CD,CQCN,741,Kéo dài,,9,3,0,0,0,0,3
2015-2016,HK02,3,11742,CDCQCN2011,CD,CQCN,742,Kéo dài,,12,1,0,0,0,0,1
2015-2016,HK02,3,11743,CDCQCN2011,CD,CQCN,743,Kéo dài,,9,2,0,0,1,0,1
2015-2016,HK02,3,11745,CDCQCN2011,CD,CQCN,745,Kéo dài,,10,1,0,0,0,0,1
2015-2016,HK02,3,11904,DHGV2011,DH,GV,904,1,43.0,34,19,0,0,18,0,1
2015-2016,HK02,3,11904CTU,DHGV2011,DH,GV,904,1,19.0,12,8,0,0,8,0,0
2015-2016,HK02,3,11910,DHGV2011,DH,GV,910,1,43.0,25,10,0,0,10,0,0
2015-2016,HK02,3,11911,DHGV2011,DH,GV,911,1,35.0,27,11,0,0,11,0,0
2015-2016,HK02,3,11942,DHGV2011,DH,GV,942,1,49.0,42,26,0,0,26,0,0
2015-2016,HK02,3,11943,DHGV2011,DH,GV,943,1,46.0,36,21,0,0,21,0,0
2015-2016,HK02,3,11945,DHGV2011,DH,GV,945,1,34.0,28,17,0,0,17,0,0
2015-2016,HK02,3,11947,DHGV2011,DH,GV,947,1,31.0,24,17,0,0,17,0,0
2015-2016,HK02,3,11949,DHGV2011,DH,GV,949,1,53.0,31,16,0,0,14,0,2
2015-2016,HK02,3,11950,DHGV2011,DH,GV,950,1,88.0,23,16,0,1,12,0,3
2015-2016,HK02,3,12125,DHCQCN2012,DH,CQCN,125,Vượt,,2,2,0,2,0,0,0
2015-2016,HK02,3,12341,DHCQCTCN2012,DH,CQCTCN,341,Kéo dài,,4,0,0,0,0,0,0
2015-2016,HK02,3,12342,DHCQCTCN2012,DH,CQCTCN,342,Kéo dài,,2,0,0,0,0,0,0
2015-2016,HK02,3,12343,DHCQCTCN2012,DH,CQCTCN,343,Kéo dài,,2,0,0,0,0,0,0
2015-2016,HK02,3,12345,DHCQCTCN2012,DH,CQCTCN,345,Kéo dài,,2,1,0,0,1,0,0
2015-2016,HK02,3,12709,CDCQCN2012,CD,CQCN,709,Kéo dài,,46,21,0,0,21,0,0
2015-2016,HK02,3,12741,CDCQCN2012,CD,CQCN,741,Kéo dài,,9,2,0,0,1,0,1
2015-2016,HK02,3,12742,CDCQCN2012,CD,CQCN,742,Kéo dài,,66,17,0,0,16,0,1
2015-2016,HK02,3,12743,CDCQCN2012,CD,CQCN,743,Kéo dài,,129,27,0,0,14,0,13
2015-2016,HK02,3,12745,CDCQCN2012,CD,CQCN,745,Kéo dài,,57,18,0,0,16,0,2
2015-2016,HK02,3,K11141DT,DHCQCN2011,DH,CQCN,141,Kéo dài,,88,38,0,0,30,0,8
2015-2016,HK02,3,K11141VT,DHCQCN2011,DH,CQCN,141,Kéo dài,,33,10,0,0,5,0,5
2015-2016,HK02,3,K11941DT,DHGV2011,DH,GV,941,1,,14,5,0,0,5,0,0
2015-2016,HK02,3,K11941VT,DHGV2011,DH,GV,941,1,,23,13,0,1,12,0,0
2015-2016,HK02,3,K14341,DHCQCTCN2014,DH,CQCTCN,341,1,3.0,3,0,0,0,0,0,0
2015-2016,HK02,3,K14342,DHCQCTCN2014,DH,CQCTCN,342,1,1.0,1,0,0,0,0,0,0
2013-2014,HK02,1,9202,DHCQKCN2009,DH,CQKCN,202,Kéo dài,,26,8,0,0,1,0,7
2013-2014,HK02,1,9203,DHCQKCN2009,DH,CQKCN,203,Kéo dài,,21,6,0,0,4,0,2
2013-2014,HK02,1,9205,DHCQKCN2009,DH,CQKCN,205,Kéo dài,,12,4,0,0,4,0,0
2013-2014,HK02,1,9213,DHCQKCN2009,DH,CQKCN,213,Kéo dài,,5,3,0,0,3,0,0
2013-2014,HK02,1,9701,CDCQCN2009,CD,CQCN,701,Kéo dài,,19,3,0,0,0,0,3
2013-2014,HK02,1,9702,CDCQCN2009,CD,CQCN,702,Kéo dài,,17,4,0,0,2,0,2
2013-2014,HK02,1,9703,CDCQCN2009,CD,CQCN,703,Kéo dài,,25,5,0,0,1,0,4
2013-2014,HK02,1,9705,CDCQCN2009,CD,CQCN,705,Kéo dài,,12,2,0,0,2,0,0
2013-2014,HK02,1,9709,CDCQCN2009,CD,CQCN,709,Kéo dài,,5,0,0,0,0,0,0
2013-2014,HK02,1,9901,DHGV2009,DH,GV,901,Kéo dài,,20,8,0,0,8,0,0
2013-2014,HK02,1,9902,DHGV2009,DH,GV,902,Kéo dài,,14,5,0,0,3,0,2
2013-2014,HK02,1,09902CTU,DHGV2009,DH,GV,902,Kéo dài,,25,1,0,0,1,0,0
2013-2014,HK02,1,9903,DHGV2009,DH,GV,903,Kéo dài,,24,6,0,0,4,0,2
2013-2014,HK02,1,9904,DHGV2009,DH,GV,904,Kéo dài,,13,4,0,0,3,0,1
2013-2014,HK02,1,9905,DHGV2009,DH,GV,905,Kéo dài,,18,5,0,0,5,0,0
2013-2014,HK02,1,9910,DHGV2009,DH,GV,910,Kéo dài,,23,9,0,0,6,0,3
2013-2014,HK02,1,9911,DHGV2009,DH,GV,911,Kéo dài,,15,1,0,0,1,0,0
2013-2014,HK02,1,9913,DHGV2009,DH,GV,913,Kéo dài,,6,0,0,0,0,0,0
2013-2014,HK02,1,09914LD,DHGV2009,DH,GV,914,Kéo dài,,25,7,0,0,6,0,1
2013-2014,HK02,1,09917LD,DHGV2009,DH,GV,917,Kéo dài,,27,7,0,0,6,0,1
2013-2014,HK02,1,10201,DHCQKCN2010,DH,CQKCN,201,1,57.0,45,14,0,0,11,0,3
2013-2014,HK02,1,10202,DHCQKCN2010,DH,CQKCN,202,1,61.0,60,15,0,0,11,0,4
2013-2014,HK02,1,10203,DHCQKCN2010,DH,CQKCN,203,1,94.0,83,21,0,0,19,0,2
2013-2014,HK02,1,10205,DHCQKCN2010,DH,CQKCN,205,1,54.0,53,23,0,0,22,0,1
2013-2014,HK02,1,10209,DHCQKCN2010,DH,CQKCN,209,1,32.0,21,17,0,0,16,0,1
2013-2014,HK02,1,10701,CDCQCN2010,CD,CQCN,701,Kéo dài,,39,3,0,0,3,0,0
2013-2014,HK02,1,10702,CDCQCN2010,CD,CQCN,702,Kéo dài,,46,14,0,0,8,0,6
2013-2014,HK02,1,10703,CDCQCN2010,CD,CQCN,703,Kéo dài,,52,5,0,0,2,0,3
2013-2014,HK02,1,10705,CDCQCN2010,CD,CQCN,705,Kéo dài,,64,15,0,0,12,0,3
2013-2014,HK02,1,10709,CDCQCN2010,CD,CQCN,709,Kéo dài,,16,5,0,0,5,0,0
2013-2014,HK02,1,10901,DHGV2010,DH,GV,901,Vượt,,77,1,0,0,1,0,0
2013-2014,HK02,1,10902,DHGV2010,DH,GV,902,Vượt,,54,1,0,0,1,0,0
2013-2014,HK02,1,10903,DHGV2010,DH,GV,903,Vượt,,60,1,0,0,1,0,0
2013-2014,HK02,1,10904,DHGV2010,DH,GV,904,Vượt,,9,1,0,0,1,0,0
2013-2014,HK02,1,10905,DHGV2010,DH,GV,905,Vượt,,71,2,0,1,1,0,0
2013-2014,HK02,1,10910,DHGV2010,DH,GV,910,Vượt,,48,9,0,1,8,0,0
2013-2014,HK02,1,10914,DHGV2010,DH,GV,914,Vượt,,94,3,0,0,3,0,0
2013-2014,HK02,1,11243,DHCQKCN2011,DH,CQKCN,243,Vượt,,50,0,0,0,0,0,0
2013-2014,HK02,1,11341,DHCQCTCN2011,DH,CQCTCN,341,Kéo dài,,1,0,0,0,0,0,0
2013-2014,HK02,1,11342,DHCQCTCN2011,DH,CQCTCN,342,Kéo dài,,4,2,0,0,1,0,1
2013-2014,HK02,1,11343,DHCQCTCN2011,DH,CQCTCN,343,Kéo dài,,1,1,0,0,1,0,0
2013-2014,HK02,1,11709,CDCQCN2011,CD,CQCN,709,1,59.0,49,29,0,1,28,0,0
2013-2014,HK02,1,11741,CDCQCN2011,CD,CQCN,741,1,69.0,61,8,0,0,8,0,0
2013-2014,HK02,1,11742,CDCQCN2011,CD,CQCN,742,1,63.0,58,12,0,0,12,0,0
2013-2014,HK02,1,11743,CDCQCN2011,CD,CQCN,743,1,59.0,52,9,0,0,8,0,1
2013-2014,HK02,1,11745,CDCQCN2011,CD,CQCN,745,1,71.0,63,8,0,0,8,0,0
2013-2014,HK02,1,11843,DHVLVHCDN2011,DH,VLVHCDN,843,Kéo dài,,58,0,0,0,0,0,0
2013-2014,HK02,1,12309,DHCQCTCN2012,DH,CQCTCN,309,Kéo dài,,3,3,0,0,3,0,0
2013-2014,HK02,1,12325,DHCQCTCN2012,DH,CQCTCN,325,Kéo dài,,6,4,0,0,4,0,0
2013-2014,HK02,1,12341,DHCQCTCN2012,DH,CQCTCN,341,Kéo dài,,71,40,0,0,32,0,8
2013-2014,HK02,1,12342,DHCQCTCN2012,DH,CQCTCN,342,Kéo dài,,57,30,0,0,28,0,2
2013-2014,HK02,1,12343,DHCQCTCN2012,DH,CQCTCN,343,Kéo dài,,57,33,0,0,29,0,4
2013-2014,HK02,1,12345,DHCQCTCN2012,DH,CQCTCN,345,Kéo dài,,48,39,0,0,39,0,0
2013-2014,HK01,1,8102,DHCQCN2002,DH,CQCN,102,Kéo dài,,43,10,0,0,2,0,8
2013-2014,HK01,1,08102CLC,DHCQCN2002,DH,CQCN,102,Kéo dài,,3,1,0,0,1,0,0
2013-2014,HK01,1,08102CTU,DHCQCN2002,DH,CQCN,102,Kéo dài,,3,1,0,0,0,0,1
2013-2014,HK01,1,8103,DHCQCN2002,DH,CQCN,103,Kéo dài,,29,5,0,0,5,0,0
2013-2014,HK01,1,8103,DHGV2013,DH,GV,103,Kéo dài,,1,0,0,0,0,0,0
2013-2014,HK01,1,8104,DHCQCN2002,DH,CQCN,104,Kéo dài,,18,5,0,0,3,0,2
2013-2014,HK01,1,8105,DHCQCN2002,DH,CQCN,105,Kéo dài,,31,11,0,0,8,0,3
2013-2014,HK01,1,08105CLC,DHCQCN2002,DH,CQCN,105,Kéo dài,,2,0,0,0,0,0,0
2013-2014,HK01,1,8106,DHCQCN2002,DH,CQCN,106,Kéo dài,,4,0,0,0,0,0,0
2013-2014,HK01,1,8107,DHCQCN2002,DH,CQCN,107,Kéo dài,,10,3,0,0,2,0,1
2013-2014,HK01,1,8108,DHCQCN2002,DH,CQCN,108,Kéo dài,,8,3,0,0,0,0,3
2013-2014,HK01,1,8109,DHCQCN2002,DH,CQCN,109,Kéo dài,,2,0,0,0,0,0,0
2013-2014,HK01,1,8110,DHCQCN2002,DH,CQCN,110,Kéo dài,,31,5,0,0,2,0,3
2013-2014,HK01,1,08110CLC,DHCQCN2002,DH,CQCN,110,Kéo dài,,8,0,0,0,0,0,0
2013-2014,HK01,1,8111,DHCQCN2002,DH,CQCN,111,Kéo dài,,11,5,0,0,2,0,3
2013-2014,HK01,1,08111CLC,DHCQCN2002,DH,CQCN,111,Kéo dài,,4,3,0,0,2,0,1
2013-2014,HK01,1,8112,DHCQCN2002,DH,CQCN,112,Kéo dài,,12,2,0,0,2,0,0
2013-2014,HK01,1,08112CLC,DHCQCN2002,DH,CQCN,112,Kéo dài,,3,1,0,0,1,0,0
2013-2014,HK01,1,8113,DHCQCN2002,DH,CQCN,113,Kéo dài,,9,2,0,0,2,0,0
2013-2014,HK01,1,8114,DHCQCN2002,DH,CQCN,114,Kéo dài,,22,6,0,0,0,0,6
2013-2014,HK01,1,8115,DHCQCN2002,DH,CQCN,115,Kéo dài,,2,1,0,0,1,0,0
2013-2014,HK01,1,8116,DHCQCN2002,DH,CQCN,116,Kéo dài,,5,1,0,0,0,0,1
2013-2014,HK01,1,8117,DHCQCN2002,DH,CQCN,117,Kéo dài,,29,5,0,0,1,0,4
2013-2014,HK01,1,8118,DHCQCN2002,DH,CQCN,118,Kéo dài,,24,9,0,0,5,0,4
2013-2014,HK01,1,8119,DHCQCN2002,DH,CQCN,119,Kéo dài,,21,3,0,0,1,0,2
2013-2014,HK01,1,8120,DHCQCN2002,DH,CQCN,120,Kéo dài,,11,2,0,0,0,0,2
2013-2014,HK01,1,8121,DHCQCN2002,DH,CQCN,121,Kéo dài,,1,0,0,0,0,0,0
2013-2014,HK01,1,8123,DHCQCN2002,DH,CQCN,123,Kéo dài,,2,0,0,0,0,0,0
2013-2014,HK01,1,8124,DHCQCN2002,DH,CQCN,124,Kéo dài,,15,5,0,0,1,0,4
2013-2014,HK01,1,8125,DHCQCN2002,DH,CQCN,125,Kéo dài,,5,1,0,0,1,0,0
2013-2014,HK01,1,8201,DHCQKCN2007,DH,CQKCN,201,Kéo dài,,8,3,0,0,1,0,2
2013-2014,HK01,1,8202,DHCQKCN2007,DH,CQKCN,202,Kéo dài,,6,3,0,0,0,0,3
2013-2014,HK01,1,8203,DHCQKCN2007,DH,CQKCN,203,Kéo dài,,6,2,0,0,2,0,0
2013-2014,HK01,1,8205,DHCQKCN2007,DH,CQKCN,205,Kéo dài,,9,4,0,0,1,0,3
2013-2014,HK01,1,8209,DHCQKCN2007,DH,CQKCN,209,Kéo dài,,2,1,0,0,1,0,0
2013-2014,HK01,1,8213,DHCQKCN2007,DH,CQKCN,213,Kéo dài,,4,0,0,0,0,0,0
2013-2014,HK01,1,8701,CDCQCN2013,CD,CQCN,701,Kéo dài,,15,3,0,0,2,0,1
2013-2014,HK01,1,8702,CDCQCN2013,CD,CQCN,702,Kéo dài,,5,1,0,0,0,0,1
2013-2014,HK01,1,8703,CDCQCN2013,CD,CQCN,703,Kéo dài,,21,2,0,0,0,0,2
2013-2014,HK01,1,8705,CDCQCN2013,CD,CQCN,705,Kéo dài,,16,3,0,0,2,0,1
2013-2014,HK01,1,8709,CDCQCN2013,CD,CQCN,709,Kéo dài,,1,1,0,0,1,0,0
2013-2014,HK01,1,08902LD,DHGV2013,DH,GV,902,Kéo dài,,23,3,0,0,1,0,2
2013-2014,HK01,1,8903,DHGV2013,DH,GV,903,Kéo dài,,2,2,0,0,2,0,0
2013-2014,HK01,1,8905,DHGV2013,DH,GV,905,Kéo dài,,6,2,0,0,1,0,1
2013-2014,HK01,1,8910,DHGV2013,DH,GV,910,Kéo dài,,6,0,0,0,0,0,0
2013-2014,HK01,1,8911,DHGV2013,DH,GV,911,Kéo dài,,4,2,0,0,2,0,0
2013-2014,HK01,1,8912,DHGV2013,DH,GV,912,Kéo dài,,7,1,0,0,1,0,0
2013-2014,HK01,1,08917LD,DHGV2013,DH,GV,917,Kéo dài,,34,8,0,0,1,0,7
2013-2014,HK01,1,9101,DHCQCN2002,DH,CQCN,101,Kéo dài,,88,40,0,0,39,0,1
2013-2014,HK01,1,09101CLC,DHCQCN2002,DH,CQCN,101,Kéo dài,,11,5,0,0,5,0,0
2013-2014,HK01,1,9102,DHCQCN2002,DH,CQCN,102,Kéo dài,,84,35,0,0,31,0,4
2013-2014,HK01,1,09102CLC,DHCQCN2002,DH,CQCN,102,Kéo dài,,26,10,0,0,9,0,1
2013-2014,HK01,1,9103,DHCQCN2002,DH,CQCN,103,Kéo dài,,66,30,0,0,29,0,1
2013-2014,HK01,1,09103CLC,DHCQCN2002,DH,CQCN,103,Kéo dài,,16,10,0,0,10,0,0
2013-2014,HK01,1,9104,DHCQCN2002,DH,CQCN,104,Kéo dài,,55,11,0,0,10,0,1
2013-2014,HK01,1,9105,DHCQCN2002,DH,CQCN,105,Kéo dài,,67,16,0,0,16,0,0
2013-2014,HK01,1,09105CLC,DHCQCN2002,DH,CQCN,105,Kéo dài,,18,10,0,0,10,0,0
2013-2014,HK01,1,9106,DHCQCN2002,DH,CQCN,106,Kéo dài,,23,7,0,0,7,0,0
2013-2014,HK01,1,9107,DHCQCN2002,DH,CQCN,107,Kéo dài,,15,2,0,0,2,0,0
2013-2014,HK01,1,9108,DHCQCN2002,DH,CQCN,108,Kéo dài,,17,4,0,0,1,0,3
2013-2014,HK01,1,09108CLC,DHCQCN2002,DH,CQCN,108,Kéo dài,,4,1,0,0,1,0,0
2013-2014,HK01,1,9109,DHCQCN2002,DH,CQCN,109,Kéo dài,,12,5,0,0,5,0,0
2013-2014,HK01,1,9110,DHCQCN2002,DH,CQCN,110,Kéo dài,,53,20,0,0,14,0,6
2013-2014,HK01,1,09110CLC,DHCQCN2002,DH,CQCN,110,Kéo dài,,6,3,0,0,3,0,0
2013-2014,HK01,1,9111,DHCQCN2002,DH,CQCN,111,Kéo dài,,34,14,0,0,14,0,0
2013-2014,HK01,1,09111CLC,DHCQCN2002,DH,CQCN,111,Kéo dài,,12,4,0,0,4,0,0
2013-2014,HK01,1,9112,DHCQCN2002,DH,CQCN,112,Kéo dài,,46,22,0,0,21,0,1
2013-2014,HK01,1,09112CLC,DHCQCN2002,DH,CQCN,112,Kéo dài,,41,10,0,0,10,0,0
2013-2014,HK01,1,9113,DHCQCN2002,DH,CQCN,113,Kéo dài,,34,12,0,0,9,0,3
2013-2014,HK01,1,9114,DHCQCN2002,DH,CQCN,114,Kéo dài,,52,23,0,0,19,0,4
2013-2014,HK01,1,09114CLC,DHCQCN2002,DH,CQCN,114,Kéo dài,,44,17,0,0,16,0,1
2013-2014,HK01,1,9115,DHCQCN2002,DH,CQCN,115,Kéo dài,,12,3,0,0,3,0,0
2013-2014,HK01,1,9116,DHCQCN2002,DH,CQCN,116,Kéo dài,,13,3,0,0,3,0,0
2013-2014,HK01,1,9117,DHCQCN2002,DH,CQCN,117,Kéo dài,,36,15,0,0,10,0,5
2013-2014,HK01,1,9118,DHCQCN2002,DH,CQCN,118,Kéo dài,,29,13,0,0,9,0,4
2013-2014,HK01,1,09118CLC,DHCQCN2002,DH,CQCN,118,Kéo dài,,42,23,0,0,21,0,2
2013-2014,HK01,1,9119,DHCQCN2002,DH,CQCN,119,Kéo dài,,37,7,0,0,7,0,0
2013-2014,HK01,1,09119CLC,DHCQCN2002,DH,CQCN,119,Kéo dài,,16,9,0,0,5,0,4
2013-2014,HK01,1,9120,DHCQCN2002,DH,CQCN,120,Kéo dài,,16,3,0,0,3,0,0
2013-2014,HK01,1,9121,DHCQCN2002,DH,CQCN,121,Kéo dài,,1,0,0,0,0,0,0
2013-2014,HK01,1,9123,DHCQCN2002,DH,CQCN,123,Kéo dài,,14,2,0,0,2,0,0
2013-2014,HK01,1,9124,DHCQCN2002,DH,CQCN,124,Kéo dài,,29,4,0,0,2,0,2
2013-2014,HK01,1,9125,DHCQCN2002,DH,CQCN,125,Kéo dài,,36,28,0,0,22,0,6
2013-2014,HK01,1,9201,DHCQKCN2007,DH,CQKCN,201,Kéo dài,,45,16,0,0,10,0,6
2013-2014,HK01,1,9202,DHCQKCN2007,DH,CQKCN,202,Kéo dài,,45,19,0,0,7,0,12
2013-2014,HK01,1,9203,DHCQKCN2007,DH,CQKCN,203,Kéo dài,,32,11,0,0,8,0,3
2013-2014,HK01,1,9205,DHCQKCN2007,DH,CQKCN,205,Kéo dài,,27,15,0,0,10,0,5
2013-2014,HK01,1,9213,DHCQKCN2007,DH,CQKCN,213,Kéo dài,,12,7,0,0,6,0,1
2013-2014,HK01,1,9701,CDCQCN2013,CD,CQCN,701,Kéo dài,,23,4,0,0,2,0,2
2013-2014,HK01,1,9702,CDCQCN2013,CD,CQCN,702,Kéo dài,,18,1,0,0,0,0,1
2013-2014,HK01,1,9703,CDCQCN2013,CD,CQCN,703,Kéo dài,,30,5,0,0,3,0,2
2013-2014,HK01,1,9705,CDCQCN2013,CD,CQCN,705,Kéo dài,,21,9,0,0,7,0,2
2013-2014,HK01,1,9709,CDCQCN2013,CD,CQCN,709,Kéo dài,,6,1,0,0,1,0,0
2013-2014,HK01,1,9901,DHGV2008,DH,GV,901,1,50.0,34,14,0,1,13,0,0
2013-2014,HK01,1,9902,DHGV2008,DH,GV,902,1,28.0,19,5,0,0,5,0,0
2013-2014,HK01,1,09902CTU,DHGV2008,DH,GV,902,1,34.0,28,3,0,0,3,0,0
2013-2014,HK01,1,9903,DHGV2008,DH,GV,903,1,49.0,37,13,0,0,13,0,0
2013-2014,HK01,1,9904,DHGV2008,DH,GV,904,1,24.0,20,7,0,0,7,0,0
2013-2014,HK01,1,9905,DHGV2008,DH,GV,905,1,35.0,31,13,0,0,13,0,0
2013-2014,HK01,1,9910,DHGV2008,DH,GV,910,1,87.0,50,27,0,0,27,0,0
2013-2014,HK01,1,9911,DHGV2008,DH,GV,911,1,41.0,33,18,0,0,18,0,0
2013-2014,HK01,1,9913,DHGV2008,DH,GV,913,1,22.0,7,1,0,0,1,0,0
2013-2014,HK01,1,09914LD,DHGV2008,DH,GV,914,1,33.0,29,4,0,0,4,0,0
2013-2014,HK01,1,09917LD,DHGV2008,DH,GV,917,1,36.0,29,2,0,1,1,0,0
2013-2014,HK01,1,10102,DHCQKCN,DH,CQCN,102,Vượt,,141,3,0,0,3,0,0
2013-2014,HK01,1,10103,DHCQKCN,DH,CQCN,103,Vượt,,1,1,0,0,1,0,0
2013-2014,HK01,1,10113,DHCQKCN,DH,CQCN,113,Vượt,,70,23,0,0,23,0,0
2013-2014,HK01,1,10114,DHCQKCN,DH,CQCN,114,Vượt,,169,7,0,0,7,0,0
2013-2014,HK01,1,10124,DHCQKCN,DH,CQCN,124,Vượt,,121,5,0,1,4,0,0
2013-2014,HK01,1,10201,DHCQKCN2012,DH,CQKCN,201,Vượt,,47,4,0,0,4,0,0
2013-2014,HK01,1,10203,DHCQKCN2012,DH,CQKCN,203,Vượt,,91,8,0,0,8,0,0
2013-2014,HK01,1,10209,DHCQKCN2012,DH,CQKCN,209,Vượt,,29,8,0,0,8,0,0
2013-2014,HK01,1,10301,DHCQCTCN2010,DH,CQCTCN,301,Kéo dài,,3,1,0,0,0,0,1
2013-2014,HK01,1,10302,DHCQCTCN2010,DH,CQCTCN,302,Kéo dài,,2,0,0,0,0,0,0
2013-2014,HK01,1,10303,DHCQCTCN2010,DH,CQCTCN,303,Kéo dài,,1,0,0,0,0,0,0
2013-2014,HK01,1,10701,CDCQCN2013,CD,CQCN,701,Kéo dài,,51,12,0,0,10,0,2
2013-2014,HK01,1,10702,CDCQCN2013,CD,CQCN,702,Kéo dài,,52,6,0,0,5,0,1
2013-2014,HK01,1,10703,CDCQCN2013,CD,CQCN,703,Kéo dài,,62,11,0,0,7,0,4
2013-2014,HK01,1,10705,CDCQCN2013,CD,CQCN,705,Kéo dài,,71,7,0,0,6,0,1
2013-2014,HK01,1,10709,CDCQCN2013,CD,CQCN,709,Kéo dài,,23,7,0,0,6,0,1
2013-2014,HK01,1,11309,DHCQCTCN2010,DH,CQCTCN,309,Kéo dài,,4,4,0,0,4,0,0
2013-2014,HK01,1,11341,DHCQCTCN2010,DH,CQCTCN,341,Kéo dài,,3,2,0,0,2,0,0
2013-2014,HK01,1,11342,DHCQCTCN2010,DH,CQCTCN,342,Kéo dài,,6,2,0,0,0,0,2
2013-2014,HK01,1,11343,DHCQCTCN2010,DH,CQCTCN,343,Kéo dài,,2,1,0,0,0,0,1
2013-2014,HK01,1,11345,DHCQCTCN2010,DH,CQCTCN,345,Kéo dài,,1,1,0,0,1,0,0
2013-2014,HK01,1,11742,CDCQCN2011,CD,CQCN,742,Vượt,,59,1,0,0,1,0,0
2013-2014,HK01,1,12309,DHCQCTCN2010,DH,CQCTCN,309,1,46.0,46,43,0,4,39,0,0
2013-2014,HK01,1,12325,DHCQCTCN2010,DH,CQCTCN,325,1,22.0,22,16,0,1,14,0,1
2013-2014,HK01,1,12341,DHCQCTCN2010,DH,CQCTCN,341,1,136.0,135,64,0,3,61,0,0
2013-2014,HK01,1,12342,DHCQCTCN2010,DH,CQCTCN,342,1,98.0,97,40,0,0,40,0,0
2013-2014,HK01,1,12343,DHCQCTCN2010,DH,CQCTCN,343,1,134.0,135,78,0,5,72,0,1
2013-2014,HK01,1,12345,DHCQCTCN2010,DH,CQCTCN,345,1,133.0,132,84,0,4,80,0,0
2015-2016,HK01,9,10910,DHGV2010,DH,GV,910,Kéo dài,,21,5,0,0,5,0,0
2015-2016,HK01,9,10910LD,DHGV2010,DH,GV,910,Kéo dài,,18,6,0,0,4,0,2
2015-2016,HK01,9,10911,DHGV2010,DH,GV,911,Kéo dài,,33,9,0,0,8,0,1
2015-2016,HK01,9,10913,DHGV2010,DH,GV,913,Kéo dài,,3,0,0,0,0,0,0
2015-2016,HK01,9,10914,DHGV2010,DH,GV,914,Kéo dài,,62,18,0,0,10,0,8
2015-2016,HK01,9,10917,DHGV2010,DH,GV,917,Kéo dài,,24,5,0,0,5,0,0
2015-2016,HK01,9,11104,DHCQCN2011,DH,CQCN,104,1,85.0,66,29,0,0,29,0,0
2015-2016,HK01,9,11109,DHCQCN2011,DH,CQCN,109,1,94.0,89,77,0,5,72,0,0
2015-2016,HK01,9,11110,DHCQCN2011,DH,CQCN,110,1,150.0,124,70,0,4,63,0,3
2015-2016,HK01,9,11110CLC,DHCQCN2011,DH,CQCN,110,1,32.0,22,14,0,1,10,0,3
2015-2016,HK01,9,11116,DHCQCN2011,DH,CQCN,116,1,67.0,66,55,0,1,54,0,0
2015-2016,HK01,9,11119,DHCQCN2011,DH,CQCN,119,1,79.0,54,20,0,0,18,0,2
2015-2016,HK01,9,11119CLC,DHCQCN2011,DH,CQCN,119,1,2.0,33,11,0,0,10,0,1
2015-2016,HK01,9,11123,DHCQCN2011,DH,CQCN,123,1,46.0,39,33,0,6,27,0,0
2015-2016,HK01,9,11124,DHCQCN2011,DH,CQCN,124,1,136.0,130,110,0,9,101,0,0
2015-2016,HK01,9,11125,DHCQCN2011,DH,CQCN,125,1,91.0,87,76,0,0,75,0,1
2015-2016,HK01,9,11125CLC,DHCQCN2011,DH,CQCN,125,1,15.0,11,10,0,1,9,0,0
2015-2016,HK01,9,11141VTCLC,DHCQCN2011,DH,CQCN,141,1,,18,8,0,0,8,0,0
2015-2016,HK01,9,11141ÐTCLC,DHCQCN2011,DH,CQCN,141,1,,43,23,0,3,20,0,0
2015-2016,HK01,9,11142,DHCQCN2011,DH,CQCN,142,1,156.0,138,88,0,3,84,0,1
2015-2016,HK01,9,11142CLC,DHCQCN2011,DH,CQCN,142,1,31.0,24,9,0,1,7,0,1
2015-2016,HK01,9,11143,DHCQCN2011,DH,CQCN,143,1,234.0,200,99,0,3,96,0,0
2015-2016,HK01,9,11143CLC,DHCQCN2011,DH,CQCN,143,1,55.0,55,31,0,1,30,0,0
2015-2016,HK01,9,11144,DHCQCN2011,DH,CQCN,144,1,94.0,80,43,0,0,43,0,0
2015-2016,HK01,9,11144CLC,DHCQCN2011,DH,CQCN,144,1,73.0,62,36,0,4,32,0,0
2015-2016,HK01,9,11145,DHCQCN2011,DH,CQCN,145,1,171.0,157,100,0,3,97,0,0
2015-2016,HK01,9,11145CLC,DHCQCN2011,DH,CQCN,145,1,22.0,22,8,0,0,8,0,0
2015-2016,HK01,9,11146,DHCQCN2011,DH,CQCN,146,1,180.0,156,93,0,7,86,0,0
2015-2016,HK01,9,11146CLC,DHCQCN2011,DH,CQCN,146,1,35.0,27,18,0,1,17,0,0
2015-2016,HK01,9,11147,DHCQCN2011,DH,CQCN,147,1,71.0,63,30,0,0,30,0,0
2015-2016,HK01,9,11147CLC,DHCQCN2011,DH,CQCN,147,1,25.0,23,19,0,1,18,0,0
2015-2016,HK01,9,11148,DHCQCN2011,DH,CQCN,148,1,88.0,79,28,0,1,25,0,2
2015-2016,HK01,9,11148CLC,DHCQCN2011,DH,CQCN,148,1,23.0,19,15,0,1,14,0,0
2015-2016,HK01,9,11149,DHCQCN2011,DH,CQCN,149,1,176.0,151,99,0,2,96,0,1
2015-2016,HK01,9,11149CLC,DHCQCN2011,DH,CQCN,149,1,7.0,11,6,0,0,6,0,0
2015-2016,HK01,9,11150,DHCQCN2011,DH,CQCN,150,1,71.0,69,55,0,0,53,0,2
2015-2016,HK01,9,11150CLC,DHCQCN2011,DH,CQCN,150,1,21.0,17,16,0,0,16,0,0
2015-2016,HK01,9,11151,DHCQCN2011,DH,CQCN,151,1,84.0,74,30,0,0,29,0,1
2015-2016,HK01,9,11151CLC,DHCQCN2011,DH,CQCN,151,1,67.0,60,25,0,0,25,0,0
2015-2016,HK01,9,11152,DHCQCN2011,DH,CQCN,152,1,38.0,37,33,0,1,32,0,0
2015-2016,HK01,9,11209,DHCQKCN2011,DH,CQKCN,209,1,8.0,7,6,0,0,6,0,0
2015-2016,HK01,9,11241,DHCQKCN2011,DH,CQKCN,241,1,29.0,30,8,0,0,7,0,1
2015-2016,HK01,9,11242,DHCQKCN2011,DH,CQKCN,242,1,44.0,37,13,0,0,10,0,3
2015-2016,HK01,9,11243,DHCQKCN2011,DH,CQKCN,243,1,53.0,42,19,0,0,17,0,2
2015-2016,HK01,9,11245,DHCQKCN2011,DH,CQKCN,245,1,49.0,44,22,0,0,20,0,2
2015-2016,HK01,9,11247,DHCQKCN2011,DH,CQKCN,247,1,18.0,7,5,0,0,5,0,0
2015-2016,HK01,9,11709,CDCQCN2011,CD,CQCN,709,Kéo dài,,14,3,0,0,3,0,0
2015-2016,HK01,9,11741,CDCQCN2011,CD,CQCN,741,Kéo dài,,19,5,0,0,3,0,2
2015-2016,HK01,9,11742,CDCQCN2011,CD,CQCN,742,Kéo dài,,18,2,0,0,0,0,2
2015-2016,HK01,9,11743,CDCQCN2011,CD,CQCN,743,Kéo dài,,14,3,0,0,2,0,1
2015-2016,HK01,9,11745,CDCQCN2011,CD,CQCN,745,Kéo dài,,20,5,0,0,1,0,4
2015-2016,HK01,9,11904,DHGV2011,DH,GV,904,Vượt,,1,1,0,0,1,0,0
2015-2016,HK01,9,11904CTU,DHGV2011,DH,GV,904,Vượt,,1,1,0,0,1,0,0
2015-2016,HK01,9,11910,DHGV2011,DH,GV,910,Vượt,,2,2,0,1,1,0,0
2015-2016,HK01,9,11943,DHGV2011,DH,GV,943,Vượt,,1,1,0,0,1,0,0
2015-2016,HK01,9,11945,DHGV2011,DH,GV,945,Vượt,,30,1,0,0,1,0,0
2015-2016,HK01,9,11947,DHGV2011,DH,GV,947,Vượt,,1,1,0,0,1,0,0
2015-2016,HK01,9,11949,DHGV2011,DH,GV,949,Vượt,,44,11,0,1,10,0,0
2015-2016,HK01,9,11950,DHGV2011,DH,GV,950,Vượt,,84,59,0,0,59,0,0
2015-2016,HK01,9,12341,DHCQCTCN2012,DH,CQCTCN,341,Kéo dài,,13,9,0,0,7,0,2
2015-2016,HK01,9,12342,DHCQCTCN2012,DH,CQCTCN,342,Kéo dài,,14,12,0,0,4,0,8
2015-2016,HK01,9,12343,DHCQCTCN2012,DH,CQCTCN,343,Kéo dài,,4,2,0,0,1,0,1
2015-2016,HK01,9,12345,DHCQCTCN2012,DH,CQCTCN,345,Kéo dài,,2,0,0,0,0,0,0
2015-2016,HK01,9,12709,CDCQCN2012,CD,CQCN,709,1,219.0,74,18,0,0,18,0,0
